speed,acc_norm,engine_speed,throttle_position,delta_acc_lat,cluster_id
0,9.59628329094134,0.0,17.6470588235294,0.0,2
0,0.0,0.0,17.6470588235294,0.422,1
0,0.0,0.0,17.6470588235294,0.0,1
0,9.71892262547655,0.0,17.6470588235294,3.609,2
0,0.0,0.0,17.6470588235294,3.609,1
0,0.0,0.0,17.6470588235294,0.0,1
0,0.0,0.0,17.6470588235294,0.0,1
0,0.0,0.0,17.6470588235294,0.0,1
0,3.14784052963297,0.0,17.6470588235294,3.08,1
0,3.11742987090327,0.0,17.6470588235294,0.0169999999999999,1
0,7.96045733610827,0.0,17.6470588235294,5.247,2
0,7.44677279094777,0.0,17.6470588235294,9.325,2
0,5.23990009446745,0.0,17.6470588235294,4.504,2
0,5.90717868360184,0.0,17.6470588235294,7.291,2
0,8.08457475690589,932.0,14.5098039215686,11.704,2
0,7.91302072536146,722.0,13.7254901960784,0.754,2
0,5.67683758795335,699.0,13.7254901960784,2.291,1
0,2.55540701259114,696.0,13.7254901960784,5.044,1
0,2.56108277882617,705.0,13.7254901960784,0.03,1
0,2.57579230529171,691.0,13.7254901960784,0.01,1
0,2.55742370365178,698.0,13.7254901960784,0.011,1
0,2.59136122530225,700.0,13.7254901960784,0.008,1
0,2.57652188036508,700.0,13.7254901960784,0.004,1
0,2.57488193904109,699.0,13.7254901960784,0.008,1
0,2.58043581590397,689.0,13.7254901960784,0.008,1
0,2.56401111542052,694.0,13.7254901960784,0.001,1
0,2.55097883174283,704.0,13.7254901960784,0.011,1
0,2.5686948047598,704.0,13.7254901960784,0.01,1
0,2.56333883831225,704.0,13.7254901960784,0.007,1
0,2.57015369190249,704.0,13.7254901960784,0.014,1
0,2.56016659614174,702.0,13.7254901960784,0.001,1
0,2.55388038091059,700.0,13.7254901960784,0.002,1
0,2.57092201359746,706.0,13.7254901960784,0.002,1
0,4.74115228610092,698.0,13.3333333333333,0.576,1
0,2.63310994833106,704.0,13.3333333333333,0.84,1
0,6.07336957544986,701.0,13.3333333333333,5.095,1
0,3.53197409390273,699.0,13.3333333333333,7.001,1
0,6.09171782012266,706.0,13.3333333333333,0.653,1
0,9.41663007662508,703.0,13.3333333333333,1.89,2
0,8.72473409336926,713.0,13.3333333333333,3.434,2
0,7.29844312165273,704.0,13.3333333333333,5.661,2
0,6.53531705428283,708.0,13.3333333333333,1.617,2
0,2.315614173389,0.0,17.6470588235294,5.027,1
0,0.0,0.0,17.6470588235294,0.11,1
0,1.96100917896883,0.0,17.6470588235294,0.006,1
0,2.12703972694447,0.0,17.6470588235294,0.019,1
0,2.07631211526591,0.0,17.6470588235294,0.023,1
0,2.04174092381967,0.0,17.6470588235294,0.019,1
0,2.01025421278007,0.0,17.6470588235294,0.016,1
0,1.976407093693,1475.0,14.9019607843137,0.045,1
0,1.89897998936271,860.0,14.1176470588235,0.055,1
0,1.89011798573528,709.0,13.7254901960784,0.004,1
0,1.8637931752209,1458.0,15.2941176470588,0.037,1
0,1.81957467557669,1651.0,14.1176470588235,0.012,1
0,1.7769299367167,1016.0,14.5098039215686,0.012,1
0,1.75021284419924,762.0,14.1176470588235,0.004,1
0,1.75311180476318,698.0,13.7254901960784,0.014,1
0,1.70536946143644,704.0,13.3333333333333,0.002,1
0,1.6917736255185,710.0,13.3333333333333,0.005,1
0,1.72969159100691,1276.0,14.5098039215686,0.025,1
0,1.70559197934324,1261.0,14.5098039215686,0.014,1
0,1.66359640538203,1250.0,14.5098039215686,0.0099999999999999,1
0,1.65064835746442,1133.0,14.1176470588235,0.0,1
0,1.65337594031122,1052.0,14.1176470588235,0.008,1
0,1.63417808087124,779.0,14.1176470588235,0.003,1
0,1.62509476646748,718.0,13.7254901960784,0.009,1
0,1.61298357090207,700.0,13.3333333333333,0.008,1
0,1.58237574551685,697.0,13.3333333333333,0.0019999999999999,1
0,1.57127018682339,691.0,13.3333333333333,0.011,1
0,1.60634305177941,702.0,13.3333333333333,0.012,1
0,1.54758973891662,707.0,13.3333333333333,0.024,1
0,1.52264243997072,711.0,13.3333333333333,0.035,1
0,1.50751484238133,693.0,13.3333333333333,0.002,1
0,1.54681770095897,704.0,13.3333333333333,0.014,1
0,1.49802303053057,700.0,13.3333333333333,0.001,1
0,1.50606573561714,699.0,13.3333333333333,0.0079999999999999,1
0,1.50092138368404,697.0,13.3333333333333,0.011,1
0,1.52203186563225,692.0,13.3333333333333,0.037,1
0,1.48935455818955,692.0,13.3333333333333,0.008,1
0,1.52216194933391,694.0,13.7254901960784,0.015,1
0,1.47468403395439,704.0,13.3333333333333,0.009,1
0,1.46993945453546,707.0,13.3333333333333,0.014,1
0,1.48395047087159,707.0,13.3333333333333,0.024,1
0,1.45692175493401,691.0,13.3333333333333,0.017,1
0,1.42941701403055,710.0,13.3333333333333,0.002,1
0,1.45400034387891,695.0,13.3333333333333,0.006,1
0,1.43881374750174,697.0,13.3333333333333,0.01,1
0,1.4323550537489,688.0,13.3333333333333,0.004,1
0,1.40184057581453,720.0,13.3333333333333,0.006,1
0,1.40173499635273,694.0,13.3333333333333,0.007,1
0,1.39667963398913,703.0,13.3333333333333,0.014,1
0,1.39527344990149,693.0,13.3333333333333,0.003,1
0,1.38288466619599,692.0,13.3333333333333,0.017,1
0,1.35824887262976,695.0,13.7254901960784,0.027,1
0,1.38258381301099,702.0,13.3333333333333,0.025,1
0,1.38211178997938,685.0,13.7254901960784,0.0099999999999999,1
0,1.35072906239556,688.0,13.3333333333333,0.012,1
0,1.35133452557093,693.0,13.3333333333333,0.018,1
0,1.36478936103708,708.0,13.3333333333333,0.0039999999999999,1
0,1.3410033557005,697.0,13.3333333333333,0.012,1
0,1.30634451811151,707.0,13.3333333333333,0.013,1
0,1.31608054464763,681.0,13.3333333333333,0.014,1
0,1.32791904873754,708.0,13.3333333333333,0.013,1
0,1.32853754181054,693.0,13.3333333333333,0.0089999999999999,1
0,1.31486311074575,696.0,13.3333333333333,0.02,1
0,1.2931917877871,693.0,13.3333333333333,0.012,1
0,1.30504291117189,700.0,13.3333333333333,0.0,1
0,1.31504562658487,709.0,13.3333333333333,0.019,1
0,1.29500965247368,691.0,13.3333333333333,0.02,1
0,1.28731814249625,704.0,13.3333333333333,0.005,1
0,1.29499691119323,704.0,13.3333333333333,0.023,1
0,1.26917808049147,704.0,13.3333333333333,0.019,1
0,1.27312725208441,692.0,13.3333333333333,0.0,1
0,1.26112092996667,698.0,13.3333333333333,0.001,1
0,1.27640902535198,717.0,13.3333333333333,0.015,1
0,1.25518644033466,701.0,13.3333333333333,0.009,1
0,1.23455295552682,694.0,13.3333333333333,0.018,1
0,1.23660988189485,696.0,13.7254901960784,0.013,1
0,1.24039429215069,716.0,13.3333333333333,0.0049999999999999,1
0,1.23040156046715,705.0,13.3333333333333,0.005,1
0,1.21752905509478,692.0,13.3333333333333,0.031,1
0,1.23513642971131,696.0,13.3333333333333,0.018,1
0,1.23463678869536,690.0,13.3333333333333,0.003,1
0,1.22299059685674,692.0,13.3333333333333,0.0069999999999999,1
0,1.21704930056264,696.0,13.3333333333333,0.0059999999999999,1
0,1.21151351622671,703.0,13.3333333333333,0.019,1
0,1.09609351790803,0.0,17.6470588235294,0.008,1
0,1.10237969865197,0.0,17.6470588235294,0.007,1
0,1.09060396111512,0.0,17.6470588235294,0.005,1
0,1.0915869182067,0.0,17.6470588235294,0.005,1
0,1.10536509805584,0.0,17.6470588235294,0.005,1
0,0.99943434001439,0.0,17.6470588235294,0.069,1
0,1.01177962027311,0.0,17.6470588235294,0.004,1
0,1.00656097679177,0.0,17.6470588235294,0.002,1
0,0.925870941330378,0.0,17.6470588235294,0.183,1
0,0.922867271063396,0.0,17.6470588235294,0.036,1
0,0.91649877250327,0.0,17.6470588235294,0.001,1
0,0.920613382479312,0.0,17.6470588235294,0.001,1
0,0.921013572104125,0.0,17.6470588235294,0.005,1
0,0.921913770371177,0.0,17.6470588235294,0.003,1
0,0.914636539834267,0.0,17.6470588235294,0.002,1
0,0.914166286842826,0.0,17.6470588235294,0.008,1
0,0.910130210464415,0.0,17.6470588235294,0.004,1
0,0.910275782386854,0.0,17.6470588235294,0.007,1
0,3.20111558679158,0.0,17.6470588235294,0.942,1
0,9.27950278840413,0.0,17.6470588235294,8.023,2
0,9.43995271280535,922.0,14.1176470588235,0.195998999999999,2
0,9.45903546879913,722.0,13.7254901960784,0.0760009999999998,2
0,9.46420968702617,686.0,13.7254901960784,0.0570000000000004,2
0,9.44646833477994,712.0,13.7254901960784,0.027000000000001,2
0,9.47420376601643,705.0,13.7254901960784,0.0339999999999989,2
0,8.89434590062698,706.0,13.7254901960784,1.689,2
0,8.86567820304798,711.0,13.7254901960784,0.0499999999999998,2
0,8.89900455107199,696.0,13.7254901960784,0.024,2
0,8.90295962026112,712.0,13.7254901960784,0.0019999999999997,2
0,8.87035923737027,704.0,13.7254901960784,0.0149999999999997,2
0,8.8929862813343,694.0,13.3333333333333,0.0339999999999998,2
0,8.88236595733366,705.0,13.3333333333333,0.0309999999999997,2
0,8.89143273044339,686.0,13.3333333333333,0.0149999999999997,2
0,8.86572738132636,697.0,13.3333333333333,0.0289999999999999,2
0,8.87947847567637,708.0,13.3333333333333,0.0220000000000002,2
0,8.89962499209939,702.0,13.3333333333333,0.0509999999999993,2
0,8.87363397937959,701.0,13.3333333333333,0.008,2
0,8.87993119342712,705.0,13.3333333333333,0.0089999999999994,2
0,8.87250066215833,703.0,13.3333333333333,0.0049999999999998,2
0,8.87923110409905,689.0,13.3333333333333,0.0140000000000002,2
0,8.88420199004953,694.0,13.3333333333333,0.0019999999999997,2
0,8.86184659086355,699.0,13.7254901960784,0.0090000000000003,2
0,8.88656334023451,706.0,13.3333333333333,0.0230000000000006,2
0,8.88414283991427,703.0,13.3333333333333,0.0029999999999992,2
0,8.87081608421683,702.0,13.3333333333333,0.0119999999999996,2
0,8.8694969417662,690.0,13.3333333333333,0.0030000000000001,2
0,8.88381365180518,708.0,13.3333333333333,0.0209999999999999,2
0,8.86440353323336,708.0,13.3333333333333,0.016,2
0,8.88012972878212,694.0,13.3333333333333,0.0090000000000003,2
0,8.86206578626,690.0,13.3333333333333,0.0170000000000003,2
0,8.88042172422008,715.0,13.3333333333333,0.0179999999999998,2
0,8.87836499587621,697.0,13.3333333333333,0.0060000000000002,2
0,8.88215852144061,694.0,13.3333333333333,0.0110000000000001,2
0,8.88268259029895,721.0,13.3333333333333,0.0129999999999999,2
0,8.87154129788054,698.0,13.3333333333333,0.0009999999999994,2
0,8.89529954526546,707.0,13.3333333333333,0.0270000000000001,2
0,8.87238062754298,695.0,13.3333333333333,0.0259999999999998,2
0,8.8816154499055,703.0,13.3333333333333,0.0110000000000001,2
0,8.90008999954495,696.0,13.3333333333333,0.0309999999999997,2
0,8.9000426965268,705.0,13.3333333333333,0.0110000000000001,2
0,8.8739522761845,693.0,13.3333333333333,0.0129999999999999,2
0,8.86109569974278,716.0,13.3333333333333,0.0140000000000002,2
0,8.86497219397782,690.0,13.3333333333333,0.0069999999999996,2
0,8.88411312399837,704.0,13.3333333333333,0.0350000000000001,2
0,8.8794799960358,705.0,13.3333333333333,0.0099999999999997,2
0,8.90357416996119,691.0,13.7254901960784,0.0190000000000001,2
0,8.89391454872375,702.0,13.3333333333333,0.0019999999999997,2
0,8.88416681518307,690.0,13.3333333333333,0.0179999999999998,2
0,8.87768100350536,700.0,13.3333333333333,0.0,2
0,8.86645645114213,696.0,13.3333333333333,0.0050000000000007,2
0,8.8949531758183,702.0,13.3333333333333,0.0369999999999999,2
0,8.87306091492671,693.0,13.3333333333333,0.0329999999999995,2
0,8.88076466302311,699.0,13.3333333333333,0.0199999999999996,2
0,8.88966124213966,693.0,13.3333333333333,0.008,2
0,8.89058766336624,703.0,13.3333333333333,0.0039999999999995,2
0,8.87679970484859,700.0,13.3333333333333,0.0170000000000003,2
0,8.87601335059834,700.0,13.3333333333333,0.0150000000000006,2
0,8.87409229160932,702.0,13.3333333333333,0.008,2
0,8.86933796852956,707.0,13.3333333333333,0.0049999999999998,2
0,8.8793968826717,690.0,13.3333333333333,0.0029999999999992,2
0,7.16501570130869,707.0,13.3333333333333,13.98,2
0,5.0199149395184,700.0,13.3333333333333,2.082,1
0,8.6079521374134,704.0,13.3333333333333,12.973,2
0,9.75438757688047,700.0,13.3333333333333,2.059,2
0,7.99806107753623,705.0,13.3333333333333,1.491,2
0,7.99303008877109,701.0,13.3333333333333,5.363,2
0,3.82368539500833,701.0,13.3333333333333,1.13,1
0,3.79087496496521,710.0,13.3333333333333,0.0049999999999998,1
0,3.79748548384322,694.0,13.3333333333333,0.0179999999999998,1
0,3.78333305433185,701.0,13.3333333333333,0.0149999999999997,1
0,5.93043539716942,695.0,13.3333333333333,0.725,1
0,3.81314161814114,705.0,13.3333333333333,0.695,1
0,2.13291748551134,694.0,13.3333333333333,4.786,1
0,3.11565338251867,710.0,13.3333333333333,1.751,1
0,0.435010344704583,705.0,13.3333333333333,0.265,1
0,2.46291087942702,697.0,13.3333333333333,0.422,1
0,1.41015779258918,703.0,13.3333333333333,0.608,1
0,0.236845941489399,695.0,13.3333333333333,0.269,1
0,0.989856555264448,693.0,13.3333333333333,0.666,1
0,0.61065947957925,697.0,13.3333333333333,0.05,1
0,2.61758304548299,708.0,13.3333333333333,0.75,1
0,3.16235987831872,703.0,13.3333333333333,0.416,1
0,2.77603043931438,709.0,13.3333333333333,0.0860000000000001,1
0,3.64366902997514,698.0,13.3333333333333,0.206,1
0,4.12746338566437,700.0,13.3333333333333,0.0069999999999999,1
0,3.18698886097834,700.0,13.3333333333333,0.322,1
0,2.34243569815694,700.0,13.3333333333333,0.379,1
0,2.70956177268576,703.0,13.3333333333333,1.516,1
0,2.20860612151646,697.0,13.3333333333333,0.92,1
0,2.53017331422177,707.0,13.3333333333333,0.454,1
0,0.973643158451801,690.0,13.3333333333333,0.375,1
0,1.82195060306255,754.0,14.5098039215686,0.441,1
0,0.927781224211829,752.0,13.7254901960784,0.403,1
0,1.0127230618486,749.0,13.7254901960784,0.365,1
0,1.6036464697682,746.0,13.7254901960784,0.337,1
0,0.723774826862609,746.0,13.7254901960784,0.466,1
0,0.820941532631892,743.0,13.7254901960784,0.077,1
0,0.651168948891146,682.0,13.3333333333333,0.094,1
0,7.11284317274042,0.0,17.6470588235294,0.877,2
0,7.98490081341027,0.0,17.6470588235294,5.031,2
0,3.48311943521895,0.0,17.6470588235294,4.44,1
0,3.48727544079902,0.0,17.6470588235294,0.043,1
0,5.96405239748948,0.0,17.6470588235294,6.857,2
0,8.06222252235697,0.0,17.6470588235294,13.95,2
0,9.13436658997218,0.0,17.6470588235294,0.817000000000001,2
0,9.06527010077471,0.0,17.6470588235294,0.032,2
0,8.72153444515362,0.0,15.2941176470588,0.231999,2
0,8.80330557234043,0.0,15.2941176470588,0.0659989999999997,2
0,8.98265601033458,0.0,15.2941176470588,0.23,2
0,8.97150280856006,0.0,15.2941176470588,0.0129990000000006,2
0,8.96495248174802,0.0,15.2941176470588,0.005001,2
0,8.96521321553481,0.0,15.2941176470588,0.0009999999999994,2
0,8.95473963887281,0.0,15.2941176470588,0.0090000000000003,2
0,8.95741999685177,0.0,15.2941176470588,0.0040000000000013,2
0,8.95822510322218,0.0,17.6470588235294,0.0009999999999994,2
0,8.95741999685177,0.0,17.6470588235294,0.0009999999999994,2
0,8.95662101464609,0.0,17.6470588235294,0.0009999999999994,2
0,8.96020222986066,0.0,17.6470588235294,0.0039999999999995,2
0,8.9589627189759,0.0,17.6470588235294,0.0,2
0,8.9473287633796,0.0,17.6470588235294,0.0120000000000005,2
0,8.96146171112726,0.0,17.6470588235294,0.0140000000000011,2
0,8.95656820439615,0.0,17.6470588235294,0.0030000000000001,2
0,8.94869297718946,0.0,17.6470588235294,0.0080000000000009,2
0,8.95343911578115,0.0,17.6470588235294,0.0050000000000007,2
0,8.95094324638471,0.0,17.6470588235294,0.0020000000000006,2
0,8.94932561705071,0.0,17.6470588235294,0.0019999999999988,2
0,8.94862341368772,0.0,17.6470588235294,0.0,2
0,8.94879880207394,0.0,17.6470588235294,0.0,2
0,8.95562504797962,0.0,17.6470588235294,0.0079999999999991,2
0,8.94820887105347,0.0,17.6470588235294,0.0069999999999996,2
0,8.94832274786733,0.0,17.6470588235294,0.0009999999999994,2
0,8.94276243674179,0.0,17.6470588235294,0.0060000000000002,2
0,8.94409576200971,0.0,17.6470588235294,0.0010000000000012,2
0,8.94693835901422,0.0,17.6470588235294,0.0019999999999988,2
0,8.94832274786733,0.0,17.6470588235294,0.0030000000000001,2
0,8.93505931709466,0.0,17.6470588235294,0.0139999999999993,2
0,8.9427038975916,0.0,17.6470588235294,0.0090000000000003,2
0,8.94253040252031,0.0,17.6470588235294,0.0,2
0,8.93714353705931,0.0,25.8823529411765,0.0059990000000009,2
0,8.93656695828997,0.0,17.6470588235294,0.0009990000000001,2
0,8.93731747237397,0.0,17.6470588235294,0.0009990000000001,2
0,8.93036539006104,0.0,17.6470588235294,0.0060009999999994,2
0,8.93772482234713,0.0,17.6470588235294,0.0080000000000009,2
0,8.93407879974203,0.0,17.6470588235294,0.0030000000000001,2
0,8.93413146310261,0.0,17.6470588235294,0.0010000000000012,2
0,8.93528964275921,0.0,17.6470588235294,0.0010000000000012,2
0,8.93477005859692,0.0,17.6470588235294,0.0,2
0,8.93233508104124,0.0,17.6470588235294,0.0030000000000001,2
0,8.93233508104124,0.0,17.6470588235294,0.0,2
0,8.93026192225066,0.0,17.6470588235294,0.0,2
0,8.93343925932225,0.0,17.6470588235294,0.0019999999999988,2
0,8.93304516948168,0.0,17.6470588235294,0.0010000000000012,2
0,8.9306063623922,0.0,17.6470588235294,0.0030000000000001,2
0,8.93095123713034,0.0,17.6470588235294,0.0,2
0,8.92533657628663,0.0,17.6470588235294,0.0050000000000007,2
0,8.9279476924991,0.0,17.6470588235294,0.0030000000000001,2
0,8.92696357044214,0.0,17.6470588235294,0.0009990000000001,2
0,8.92516442425572,0.0,17.6470588235294,0.0020009999999999,2
0,8.92777581483765,0.0,17.6470588235294,0.0030000000000001,2
0,8.92563375901118,0.0,17.6470588235294,0.0020000000000006,2
0,8.92255372637229,0.0,17.6470588235294,0.0039999999999995,2
0,8.92614950580596,0.0,17.6470588235294,0.0039999999999995,2
0,8.92893280297259,0.0,17.6470588235294,0.0030000000000001,2
0,8.92957434595849,0.0,17.6470588235294,0.0010000000000012,2
0,8.92499238094913,0.0,17.6470588235294,0.0050000000000007,2
0,8.91608080941397,0.0,17.6470588235294,0.0079999999999991,2
0,8.92186609280822,0.0,17.6470588235294,0.005001,2
0,8.91492417242009,0.0,17.6470588235294,0.0060010000000012,2
0,8.92255372637229,0.0,17.6470588235294,0.0060000000000002,2
0,8.92070809969702,0.0,17.6470588235294,0.0009999999999994,2
0,8.91573805133372,0.0,17.6470588235294,0.0039999999999995,2
0,8.92199198609817,0.0,17.6470588235294,0.0059999999999984,2
0,8.92426321888816,0.0,17.6470588235294,0.0030000000000001,2
0,8.91608080941397,0.0,17.6470588235294,0.0089999999999985,2
0,8.91886599148126,0.0,17.6470588235294,0.0030009999999993,2
0,8.91698704720378,0.0,17.6470588235294,9.999999992516e-07,2
0,8.91141526358187,0.0,17.6470588235294,0.0060000000000002,2
0,8.91651254695467,0.0,17.6470588235294,0.004999999999999,2
0,8.91359635612921,0.0,17.6470588235294,0.0039999999999995,2
0,8.92109886729208,0.0,17.6470588235294,0.0090000000000003,2
0,8.90893355009453,0.0,17.6470588235294,0.0120000000000005,2
0,8.91535675113453,0.0,17.6470588235294,0.0060000000000002,2
0,8.90713298429972,0.0,17.6470588235294,0.0080000000000009,2
0,8.91715722638106,0.0,17.6470588235294,0.0100000000000016,2
0,8.91042989984209,0.0,17.6470588235294,0.0070000000000014,2
0,8.91566155705789,0.0,17.6470588235294,0.0060000000000002,2
0,8.91484610074678,0.0,17.6470588235294,0.0009999999999994,2
0,8.90811837595348,0.0,17.6470588235294,0.0069999999999996,2
0,8.91056434800849,0.0,17.6470588235294,0.0030000000000001,2
0,8.91304538303267,0.0,17.6470588235294,0.0019999999999988,2
0,8.90923924922886,0.0,17.6470588235294,0.0030000000000001,2
0,8.90859343555423,0.0,17.6470588235294,0.0009999999999994,2
0,8.91433643071653,0.0,17.6470588235294,0.0060000000000002,2
0,8.9135207409867,0.0,17.6470588235294,0.0009999999999994,2
0,8.90594346490028,0.0,17.6470588235294,0.0070000000000014,2
0,8.91498272572639,0.0,17.6470588235294,0.0090000000000003,2
0,8.9116872700965,0.0,17.6470588235294,0.0030000000000001,2
0,8.91155079455877,0.0,17.6470588235294,0.0009990000000001,2
0,8.90726826810555,0.0,17.6470588235294,0.0040009999999988,2
0,8.89932491821711,0.0,17.6470588235294,0.0060000000000002,2
0,8.9144474309965,0.0,17.6470588235294,0.0150000000000006,2
0,8.90459055768428,0.0,17.6470588235294,0.0100000000000016,2
0,8.90834154037664,0.0,17.6470588235294,0.0050000000000007,2
0,8.90163355794879,0.0,17.6470588235294,0.0080000000000009,2
0,8.90261922133032,0.0,17.6470588235294,0.0010000000000012,2
0,8.90949521577962,0.0,17.6470588235294,0.0079999999999991,2
0,8.90230936330568,0.0,17.6470588235294,0.0090000000000003,2
0,8.9100251963729,0.0,17.6470588235294,0.0080000000000009,2
0,8.90557623065459,0.0,17.6470588235294,0.0039999999999995,2
0,8.90259467795766,0.0,17.6470588235294,0.0020000000000006,2
0,8.90788504640692,0.0,17.6470588235294,0.0039999999999995,2
0,8.90343624675327,0.0,17.6470588235294,0.0039999999999995,2
0,8.89800230388822,0.0,17.6470588235294,0.004999999999999,2
0,8.90211356925983,0.0,17.6470588235294,0.0039999999999995,2
0,8.89735353911487,0.0,17.6470588235294,0.0050000000000007,2
0,8.90737901966678,0.0,17.6470588235294,0.0099999999999997,2
0,8.90425342182038,0.0,17.6470588235294,0.0030000000000001,2
0,8.90439829522467,0.0,17.6470588235294,0.0010000000000012,2
0,8.90834154037664,0.0,17.6470588235294,0.0039999999999995,2
0,8.90194523685694,0.0,17.6470588235294,0.0069999999999996,2
0,8.90093753488923,0.0,17.6470588235294,0.0,2
0,8.90177701360801,0.0,17.6470588235294,0.0,2
0,8.90098660520288,0.0,17.6470588235294,0.0019989999999996,2
0,8.89682651286401,0.0,17.6470588235294,0.0020009999999999,2
0,8.90079125696137,0.0,17.6470588235294,0.0029999999999983,2
0,8.8981477286006,0.0,17.6470588235294,0.0019999999999988,2
0,8.90211356925983,0.0,17.6470588235294,0.0030000000000001,2
0,8.89930137707449,0.0,17.6470588235294,0.0020000000000006,2
0,8.89189726661301,0.0,17.6470588235294,0.0069999999999996,2
0,8.89797999548212,0.0,17.6470588235294,0.0060000000000002,2
0,8.89271550202749,0.0,17.6470588235294,0.0050000000000007,2
0,8.90456624434902,0.0,17.6470588235294,0.011000000000001,2
0,8.89288310954327,0.0,17.6470588235294,0.011000000000001,2
0,8.89057624679076,0.0,17.6470588235294,0.0019999999999988,2
0,8.89697589071702,0.0,17.6470588235294,0.0069999999999996,2
0,8.8915453100122,0.0,17.6470588235294,0.0050000000000007,2
0,8.8981477286006,0.0,17.6470588235294,0.0050000000000007,2
0,8.89567310550472,0.0,17.6470588235294,0.0020000000000006,2
0,8.89747745150276,0.0,17.6470588235294,0.0020000000000006,2
0,8.89242514728125,0.0,17.6470588235294,0.0069999999999996,2
0,8.89812890443828,0.0,17.6470588235294,0.0079999999999991,2
0,8.90110619810824,0.0,17.6470588235294,0.0020009999999999,2
0,8.89435242162126,0.0,17.6470588235294,0.0060009999999994,2
0,8.89221333527261,0.0,17.6470588235294,0.0020000000000006,2
0,8.89072617956486,0.0,17.6470588235294,0.0009999999999994,2
0,8.89483698557764,0.0,17.6470588235294,0.0039999999999995,2
0,8.88743455672108,0.0,17.6470588235294,0.0069999999999996,2
0,8.89106022924151,0.0,17.6470588235294,0.0030000000000001,2
0,8.8958229523749,0.0,17.6470588235294,0.0050000000000007,2
0,8.88513019161796,0.0,17.6470588235294,0.0099990000000005,2
0,8.8904088207461,0.0,17.6470588235294,0.0039990000000003,2
0,8.89187910399146,0.0,17.6470588235294,0.0019999999999988,2
0,8.9007528333282,0.0,17.6470588235294,0.0090000000000003,2
0,8.89106121517567,0.0,17.6470588235294,0.0099990000000005,2
0,8.88709018745731,0.0,17.6470588235294,0.0020009999999999,2
0,8.88824223342276,0.0,17.6470588235294,0.0010000000000012,2
0,8.89039256726046,0.0,17.6470588235294,0.0009999999999994,2
0,8.88808730830205,0.0,17.6470588235294,0.0020000000000006,2
0,8.8915453100122,0.0,17.6470588235294,0.0030000000000001,2
0,8.89057624679076,0.0,17.6470588235294,0.0019999999999988,2
0,8.88678231982758,0.0,17.6470588235294,0.0030000000000001,2
0,8.88923990001395,0.0,17.6470588235294,0.0030000000000001,2
0,8.88546256533671,0.0,17.6470588235294,0.0040000000000013,2
0,8.89057624679076,0.0,17.6470588235294,0.0040000000000013,2
0,8.89219798475045,0.0,17.6470588235294,0.0030000000000001,2
0,8.88856551981252,0.0,17.6470588235294,0.0020000000000006,2
0,8.89286506138489,0.0,17.6470588235294,0.0020000000000006,2
0,8.8816621192207,0.0,17.6470588235294,0.0090000000000003,2
0,8.88954717631894,0.0,17.6470588235294,0.0090000000000003,2
0,8.89086908012935,0.0,14.9019607843137,0.0,2
0,8.89894780297086,0.0,14.5098039215686,0.0059999999999984,2
0,8.89382763493874,0.0,17.6470588235294,0.0029999999999983,2
0,8.88742212342814,0.0,17.6470588235294,0.0070000000000014,2
0,8.88644855946401,0.0,17.6470588235294,0.0019999999999988,2
0,8.90753411444492,0.0,17.6470588235294,0.0299999999999994,2
0,8.9160969599932,0.0,17.6470588235294,0.0090000000000003,2
0,8.9115907670853,0.0,17.6470588235294,0.0080000000000009,2
0,8.9144433926073,0.0,17.6470588235294,0.0060000000000002,2
0,8.91975537781166,0.0,17.6470588235294,0.0069999999999996,2
0,8.91991462963632,0.0,17.6470588235294,0.0,2
0,8.92090186023812,0.0,17.6470588235294,0.0010000000000012,2
0,8.92141275897495,0.0,17.6470588235294,0.0010010000000004,2
0,8.91924626860364,0.0,17.6470588235294,0.0030010000000011,2
0,8.91695295490562,0.0,17.6470588235294,0.0019999999999988,2
0,8.91829097977858,0.0,17.6470588235294,0.0019999999999988,2
0,8.91860897225571,0.0,17.6470588235294,0.0,2
0,8.91548809656544,0.0,17.6470588235294,0.0030000000000001,2
0,8.91307464357844,0.0,17.6470588235294,0.0009990000000001,2
0,8.91911946326542,0.0,17.6470588235294,0.0049989999999997,2
0,8.91501144138357,0.0,17.6470588235294,0.0039999999999995,2
0,8.91564720028782,0.0,17.6470588235294,0.0,2
0,6.87923498653738,0.0,17.6470588235294,3.467,2
0,7.69829864320682,0.0,17.6470588235294,1.134,2
0,7.66650800560464,0.0,17.6470588235294,0.194,2
0,0.934345225278109,0.0,17.6470588235294,4.332,1
0,8.41948751409491,0.0,17.6470588235294,8.438,2
0,7.40201161847237,0.0,17.6470588235294,1.313,2
0,8.41492305371832,0.0,17.6470588235294,1.301,2
0,8.4415619407785,0.0,17.6470588235294,0.0509999999999984,2
0,8.46189913671866,0.0,17.6470588235294,0.0240000000000009,2
0,8.45945134154692,0.0,17.6470588235294,0.0020000000000006,2
0,8.47053274593753,0.0,17.6470588235294,0.0120000000000005,2
0,8.47027774042859,0.0,17.6470588235294,0.0039999999999995,2
0,8.47195113300354,0.0,17.6470588235294,0.0019999999999988,2
0,8.48167937380328,0.0,17.6470588235294,0.0090000000000003,2
0,8.48534760631525,0.0,17.6470588235294,0.0069999999999996,2
0,7.63390136168919,0.0,17.6470588235294,1.179,2
0,9.58953846647481,0.0,17.6470588235294,1.191,2
0,9.5192509159072,0.0,17.6470588235294,11.275,2
0,8.82666698136958,0.0,17.6470588235294,0.124,2
0,9.43379563060383,1085.0,14.9019607843137,0.791,2
0,4.71436464436089,1041.0,14.9019607843137,5.943,1
0,3.54283459958266,1055.0,14.5098039215686,3.909,1
0,6.85547846616121,1041.0,14.9019607843137,5.698,2
0,6.38179911937065,1019.0,14.5098039215686,0.872,1
0,6.94369138139074,1014.0,14.5098039215686,0.413,2
0,4.96939040527105,0.0,15.2941176470588,2.205,2
0,9.11470482242843,0.0,17.6470588235294,6.132,2
0,9.13866253890579,0.0,17.6470588235294,0.424,2
0,8.91843136431514,0.0,17.6470588235294,0.241,2
0,9.72413086090474,0.0,17.6470588235294,3.017,2
0,7.67115441116916,0.0,17.6470588235294,4.671,2
0,9.72338793836798,0.0,17.6470588235294,4.674,2
0,9.74098419052202,0.0,17.6470588235294,0.375999999999999,2
0,9.73982802722923,0.0,17.6470588235294,0.67,2
0,9.824489503277,0.0,17.6470588235294,0.236,2
0,9.67732054858162,0.0,17.6470588235294,3.986,2
0,9.15299732328159,0.0,17.6470588235294,0.391,2
0,9.67736090057615,0.0,17.6470588235294,0.403,2
0,9.6740610913928,0.0,17.6470588235294,0.0020000000000006,2
0,9.67614680541795,0.0,17.6470588235294,0.0030000000000001,2
0,9.64952371871281,0.0,17.6470588235294,0.0369989999999998,2
0,8.7002441919753,0.0,17.6470588235294,11.099001,2
0,8.5411006901921,0.0,17.6470588235294,0.824,2
0,8.04617921749199,0.0,17.6470588235294,7.106,2
0,9.1544468429283,0.0,17.6470588235294,4.678,2
0,8.82742963721603,0.0,17.6470588235294,4.871,2
0,8.39243808437095,0.0,17.6470588235294,0.161,2
0,9.80323395620037,0.0,17.6470588235294,0.144,2
0,3.90376075086576,0.0,17.6470588235294,4.892,2
0,2.04795629836186,0.0,17.6470588235294,0.102,1
0,0.66186554525825,0.0,17.6470588235294,0.581,1
0,0.908639092269312,0.0,17.6470588235294,0.031,1
0,1.03042709591703,0.0,17.6470588235294,0.012,1
0,1.1225208238603,0.0,17.6470588235294,0.021,1
0,1.17671576856945,0.0,17.6470588235294,0.021,1
0,1.21213406849243,0.0,17.6470588235294,0.007,1
0,1.26137107942112,0.0,17.6470588235294,0.029,1
0,1.29992615174863,0.0,17.6470588235294,0.248,1
0,1.3234900830758,0.0,17.6470588235294,0.233,1
0,1.349833323044,0.0,17.6470588235294,0.006,1
0,1.39707730637929,0.0,17.6470588235294,0.003,1
0,1.41295718264921,0.0,17.6470588235294,0.0679999999999999,1
0,1.41844562814371,0.0,17.6470588235294,0.0,1
0,1.4358206712539,0.0,17.6470588235294,0.018,1
0,1.43884710793051,0.0,17.6470588235294,0.006,1
0,1.44352519894874,0.0,17.6470588235294,0.002,1
0,1.44667377110391,0.0,17.6470588235294,0.001,1
0,1.45256875912984,0.0,17.6470588235294,0.001,1
0,1.44821579883662,0.0,17.6470588235294,0.004,1
0,1.4563110931391,0.0,17.6470588235294,0.011,1
0,1.46333318147304,0.0,17.6470588235294,0.003,1
0,1.46596862176515,0.0,17.6470588235294,0.002,1
0,1.46882946593538,0.0,17.6470588235294,0.002,1
0,1.47461249147022,0.0,17.6470588235294,0.003,1
0,1.48314429507044,0.0,17.6470588235294,0.003,1
0,1.47805074337791,0.0,17.6470588235294,0.001,1
0,1.48721013982557,0.0,17.6470588235294,0.0,1
0,1.48366067549154,0.0,17.6470588235294,0.002,1
0,1.48717853669289,0.0,17.6470588235294,0.005,1
0,1.49602840882117,0.0,17.6470588235294,0.013,1
0,1.49821560531187,0.0,17.6470588235294,0.006,1
0,1.5081104070989,0.0,17.6470588235294,0.011,1
0,1.50372404383251,0.0,17.6470588235294,0.011,1
0,1.50244134660891,0.0,17.6470588235294,0.006,1
0,1.50806399068475,0.0,17.6470588235294,0.002,1
0,1.51424238482483,0.0,17.6470588235294,0.004,1
0,1.51464088152935,0.0,17.6470588235294,0.001,1
0,1.53471039613342,0.0,17.6470588235294,0.002,1
0,1.51490329724375,0.0,17.6470588235294,0.042,1
0,1.53549894171243,0.0,17.6470588235294,0.0149999999999999,1
0,1.52322027297433,0.0,17.6470588235294,0.003,1
0,1.54195881916477,0.0,17.6470588235294,0.008,1
0,1.67438496170982,1726.0,16.078431372549,0.089,1
6,2.32061414285098,1282.0,16.078431372549,0.138,1
2,0.71206741253901,1303.0,16.078431372549,0.141,1
0,0.910347735758155,1276.0,15.6862745098039,0.046,1
2,1.64900758033431,1730.0,20.0,0.323,3
25,1.87997473387277,1883.0,15.2941176470588,0.598,1
0,1.29753304389522,1264.0,15.2941176470588,0.347,1
24,2.61286145824841,1836.0,19.6078431372549,0.104,3
29,1.47367839096595,2155.0,15.6862745098039,0.89,1
32,1.08830372598829,2397.0,16.078431372549,0.89,1
35,1.26469759231209,2579.0,16.078431372549,0.65,1
23,2.61730395636426,1164.0,15.2941176470588,3.098,1
8,1.71294629221117,1211.0,15.2941176470588,3.829,1
20,2.63192895040881,2173.0,24.3137254901961,0.364,3
38,2.61226281219942,2860.0,16.4705882352941,0.553,3
48,2.79154240519466,2492.0,26.6666666666667,1.684,3
45,2.08742353153355,2309.0,15.6862745098039,1.742,1
30,0.94267703907542,1582.0,14.5098039215686,0.552,1
18,1.92154625237073,2004.0,22.7450980392157,1.066,3
38,3.65961746634809,2909.0,16.8627450980392,1.75,3
57,2.44997816316799,2518.0,26.2745098039216,0.048,3
76,2.13679502994555,2596.0,27.0588235294118,0.43,3
90,2.41012717506774,3066.0,16.8627450980392,1.27,3
90,2.81170713268648,3032.0,16.8627450980392,0.936,3
88,1.19449277938379,2992.0,16.8627450980392,2.161,3
79,1.38777555822258,2683.0,23.1372549019608,0.002,3
91,2.26091530137686,3076.0,16.8627450980392,0.102,3
60,2.42561043863189,2100.0,24.3137254901961,0.118,3
77,2.63107734587944,2631.0,28.2352941176471,0.319,3
84,1.96556760250061,2844.0,16.4705882352941,1.198,3
77,1.01536249684534,2575.0,16.078431372549,0.804,3
78,2.33065934876807,2642.0,23.5294117647059,0.298,3
84,1.58976759307768,2824.0,16.4705882352941,1.023,3
85,1.40337022912701,2854.0,16.4705882352941,0.727,3
61,0.763675323681471,2046.0,15.2941176470588,0.046,1
33,1.37361311874924,1691.0,14.9019607843137,0.185,1
36,2.10593565903614,1906.0,14.9019607843137,1.593,1
47,3.13322613291795,2500.0,24.7058823529412,0.719,3
48,1.40646116192378,2504.0,22.3529411764706,2.007,3
42,1.4541860266142,2158.0,15.2941176470588,0.121,1
28,1.73940966997427,1467.0,14.5098039215686,0.32,1
18,1.5447203630431,1353.0,14.1176470588235,1.408,1
14,1.89934857253744,951.0,17.2549019607843,0.078,1
24,2.51453136786957,1754.0,18.0392156862745,0.551,3
10,1.16636743781709,723.0,14.1176470588235,2.0,1
0,2.26309213245948,765.0,14.1176470588235,0.171,1
0,2.24087572167668,705.0,13.7254901960784,0.051,1
0,2.22240252879626,702.0,13.7254901960784,0.019,1
0,2.24104016028272,705.0,13.7254901960784,0.031,1
0,2.33326487994827,696.0,13.7254901960784,0.024,1
0,2.51465504592578,2152.0,26.2745098039216,0.021,3
48,4.133846755747,3649.0,45.8823529411765,0.743,3
56,4.4429938104841,4261.0,54.1176470588235,0.471,3
75,1.29122306361062,3852.0,17.6470588235294,0.772,3
16,3.79273753376107,1557.0,20.7843137254902,0.052,3
29,3.58760714125725,2200.0,21.9607843137255,0.213,3
20,2.71633319016648,1461.0,14.5098039215686,0.965,1
22,3.4252357583092,1714.0,21.1764705882353,1.619,3
30,2.82307084572811,2168.0,16.4705882352941,0.496,3
23,3.45441167205068,1694.0,20.0,1.592,3
27,1.98250044136187,2026.0,15.2941176470588,0.47,1
26,1.55811296124511,1863.0,14.9019607843137,0.398,1
22,2.10852009712974,1644.0,14.5098039215686,0.113,1
14,1.32743662748924,1018.0,13.7254901960784,0.313,1
0,2.36801351347495,780.0,14.5098039215686,0.234,1
2,2.65704873873251,1645.0,21.1764705882353,0.306,3
6,4.34415757080703,1339.0,18.0392156862745,1.818,1
14,4.70761808136556,1123.0,20.0,1.498,3
19,3.46828559954338,1423.0,17.2549019607843,0.255,1
18,3.47188781500785,1326.0,14.1176470588235,0.185,1
20,3.72891083293768,1488.0,18.4313725490196,0.172,3
21,3.49453931155453,1604.0,17.6470588235294,0.341,3
11,2.72975621622151,873.0,16.8627450980392,0.611,1
23,2.78216768006531,1775.0,14.9019607843137,0.629,1
19,2.37247233914328,1381.0,14.1176470588235,0.172,1
11,3.34236353498539,876.0,18.4313725490196,0.806,1
27,4.52590819615246,2037.0,24.3137254901961,0.941,3
37,4.6087266137188,1940.0,20.3921568627451,1.634,3
40,3.17688794262561,2096.0,18.0392156862745,1.937,3
39,3.08478475748309,2064.0,19.6078431372549,0.035,3
42,3.14440662128803,2153.0,15.2941176470588,0.461,3
30,3.01091680389877,1580.0,21.1764705882353,0.321,3
33,4.34588103840867,1730.0,26.2745098039216,0.505,3
33,3.28141554820477,1685.0,14.9019607843137,0.307,1
24,4.48562013549966,1239.0,20.0,1.706,3
28,4.16756391672641,1449.0,21.5686274509804,1.438,3
24,3.87425412176331,1227.0,20.0,0.123,3
21,3.62179748191419,1113.0,23.5294117647059,0.957,3
25,4.19047360091911,1332.0,18.4313725490196,0.139,3
24,4.53835575952349,1215.0,32.156862745098,0.71,3
22,5.00170071075829,1649.0,23.5294117647059,0.32,3
21,3.9812299607031,1563.0,19.6078431372549,0.123,3
8,3.99335510567242,1385.0,19.2156862745098,1.23,3
21,4.99526025348029,2990.0,25.8823529411765,1.754,3
29,3.72452480190426,2155.0,18.8235294117647,0.158,3
18,3.05026834885064,1228.0,13.7254901960784,0.507,1
12,4.77040176505082,1794.0,19.6078431372549,0.386,3
15,4.73014376102883,2184.0,20.0,1.631,3
15,5.00351206653886,2071.0,20.0,0.13,3
15,5.25722835722399,2254.0,21.1764705882353,0.301,3
14,5.32835481175944,1968.0,20.7843137254902,0.361,3
14,5.07916577796,1962.0,20.3921568627451,0.684,3
13,4.12147376553582,1938.0,14.9019607843137,0.615,1
7,5.78317914299739,1319.0,19.6078431372549,1.167,2
20,4.97718082854139,1556.0,21.5686274509804,1.908,3
24,3.90407607507846,1799.0,20.0,0.111,3
30,3.94418381924575,2211.0,18.4313725490196,0.014,3
20,2.38673437985881,725.0,13.7254901960784,0.54,1
16,3.48741523194471,733.0,13.7254901960784,0.166,1
32,2.9976906111205,1683.0,14.9019607843137,0.581,1
27,1.88663722002933,1422.0,14.5098039215686,0.32,1
22,2.43652970431308,1117.0,13.7254901960784,1.096,1
5,3.021494497761,781.0,13.7254901960784,1.544,1
22,3.90246127463169,1711.0,18.4313725490196,0.258,3
34,4.29565478128771,1836.0,18.4313725490196,0.091,3
33,3.2048541308459,1710.0,14.9019607843137,0.042,1
12,3.67549860563162,800.0,13.7254901960784,0.51,1
11,2.99995949972662,818.0,13.7254901960784,0.265,1
13,4.88449178523211,1930.0,21.1764705882353,0.51,3
25,4.02106018358343,1862.0,19.6078431372549,0.134,3
29,3.94544116671381,2222.0,15.6862745098039,0.557,3
27,2.71159030828774,1431.0,14.5098039215686,0.744,1
5,2.44221538771665,719.0,13.7254901960784,1.383,1
17,3.73402852158363,2054.0,20.7843137254902,0.509,3
31,3.67465767113074,1035.0,15.2941176470588,0.705,1
17,3.66526192788455,789.0,13.7254901960784,0.242,1
32,4.18906922836088,1696.0,14.5098039215686,0.513,1
21,2.05234012775661,1062.0,13.7254901960784,0.139,1
3,3.24519645013981,849.0,16.8627450980392,0.71,1
5,5.1808898849522,1323.0,17.6470588235294,0.202,3
20,5.15509311264113,2656.0,26.6666666666667,1.247,3
23,3.71420583705319,1697.0,14.5098039215686,0.856,1
5,4.55705924912108,1340.0,20.7843137254902,0.74,3
17,4.09662934618205,1284.0,19.2156862745098,0.009,3
28,5.14031458181306,2076.0,27.0588235294118,0.021,3
36,4.73688515799148,1893.0,23.5294117647059,0.234,3
33,2.57047388627078,1684.0,14.9019607843137,0.315,1
13,2.02824184948442,771.0,13.7254901960784,0.192,1
33,3.51623804654918,2252.0,15.2941176470588,0.759,1
32,2.64623090451306,1633.0,14.5098039215686,0.69,1
27,2.77975628428105,1415.0,14.1176470588235,0.439,1
7,2.51847136175895,855.0,13.7254901960784,0.519,1
17,3.53124227432783,1308.0,14.1176470588235,0.409,1
14,2.28872890487275,1038.0,13.7254901960784,2.184,1
25,4.95283353243373,1891.0,23.921568627451,1.086,3
34,4.30035452026923,1807.0,20.0,0.292,3
31,3.67776413055541,1596.0,14.5098039215686,0.382,1
2,3.51905342386273,778.0,17.6470588235294,0.726,1
18,4.27429760311563,2577.0,16.078431372549,0.032,3
29,4.68981705400115,2187.0,22.3529411764706,0.204,3
23,3.47413485633474,1680.0,14.9019607843137,0.435,1
9,3.35441872758903,738.0,13.7254901960784,0.027,1
5,2.77511981723312,1084.0,14.1176470588235,0.569,1
0,3.29687200236831,1443.0,15.2941176470588,0.273,1
0,3.15548871016836,1219.0,15.6862745098039,0.001,1
3,3.32211152732716,1270.0,14.1176470588235,0.157,1
0,4.37050592037123,796.0,14.9019607843137,0.183,1
0,3.86293903653682,1132.0,17.6470588235294,0.204,1
0,3.92296074413191,1196.0,14.1176470588235,0.041,1
0,3.84242241300979,801.0,14.1176470588235,0.037,1
0,3.8726437997833,798.0,13.7254901960784,0.086,1
0,3.86117495071125,0.0,14.5098039215686,0.019,1
0,3.89160031349572,0.0,17.6470588235294,0.029,2
0,3.86997842371246,0.0,17.6470588235294,0.014,2
0,3.87370959159305,0.0,17.6470588235294,0.012,2
0,3.86192309607532,0.0,17.6470588235294,0.024,2
0,3.91428282064544,0.0,17.6470588235294,0.0,2
0,4.17355448029614,0.0,17.6470588235294,0.14,2
0,4.19121987015714,0.0,17.6470588235294,0.031,2
0,4.20327919605634,0.0,17.6470588235294,0.02,2
0,4.21284155885312,0.0,17.6470588235294,0.007,2
0,4.21535597547823,0.0,17.6470588235294,0.008,2
0,2.93808679245525,0.0,17.6470588235294,1.0,1
0,1.30386885843631,0.0,17.6470588235294,1.248,1
0,2.58425792056443,0.0,17.6470588235294,0.949,1
0,1.20304280888088,933.0,14.5098039215686,0.806,1
0,1.03451341218952,756.0,14.1176470588235,0.453,1
0,0.975453227991993,702.0,13.7254901960784,0.036,1
0,0.68034182584933,699.0,23.921568627451,0.0800000000000001,3
0,2.08842620171267,2548.0,17.6470588235294,0.751,3
0,0.738880910566784,1020.0,14.9019607843137,0.609,1
0,9.55439689357732,0.0,17.6470588235294,8.725,2
0,9.50513277129783,0.0,17.6470588235294,0.0519999999999996,2
0,1.63187867196063,0.0,17.6470588235294,8.944,1
0,2.90423311736506,0.0,17.6470588235294,0.575,1
0,1.01340268403039,0.0,17.6470588235294,0.311,1
0,2.5743597262232,0.0,17.6470588235294,1.92,1
0,1.08024163963439,0.0,17.6470588235294,1.613,1
0,1.25474818190743,1350.0,16.4705882352941,0.058,1
0,1.33278730486151,1396.0,16.4705882352941,0.014,1
0,1.36352961097293,1228.0,15.6862745098039,0.031,1
0,1.40026033293813,1162.0,15.2941176470588,0.011,1
0,1.43525398449194,1158.0,15.2941176470588,0.0,1
5,0.953323135143588,1416.0,16.078431372549,0.106,1
0,1.45482541907955,1397.0,17.2549019607843,0.084,1
3,2.18776712654706,1381.0,16.078431372549,0.159,1
0,2.67052242080084,865.0,14.1176470588235,0.991,1
2,2.08920702660124,872.0,14.9019607843137,0.916,1
11,3.42161833055646,1211.0,15.2941176470588,0.381,1
17,3.71357092297966,1166.0,15.2941176470588,0.084,1
0,2.8743322702847,1159.0,15.2941176470588,0.105,1
9,2.22793626479754,1122.0,14.9019607843137,0.091,1
5,2.75654004142875,1125.0,15.2941176470588,0.101,1
0,2.47125757459638,1123.0,15.2941176470588,0.222,1
0,2.33348880434426,898.0,14.5098039215686,0.076,1
0,2.33167257564179,785.0,14.1176470588235,0.032,1
0,2.33442176994647,753.0,14.1176470588235,0.003,1
0,2.34538909351945,762.0,14.1176470588235,0.013,1
0,2.38864857189165,758.0,14.1176470588235,0.018,1
0,2.38880932684047,746.0,14.1176470588235,0.002,1
0,2.39239816920177,750.0,14.1176470588235,0.005,1
0,2.39385254349553,750.0,14.1176470588235,0.007,1
0,2.40113743879854,748.0,14.1176470588235,0.004,1
0,2.39893851526045,751.0,14.1176470588235,0.01,1
0,2.41210488992498,756.0,14.1176470588235,0.01,1
0,2.09406637908162,770.0,14.1176470588235,0.03,1
12,0.742503872043776,1172.0,20.0,0.021,3
15,2.10177306101301,1071.0,14.9019607843137,0.029,1
14,2.08200024015368,1070.0,14.9019607843137,0.193,1
17,3.74724125190786,1295.0,19.6078431372549,3.802,3
36,1.69876455107822,2200.0,24.3137254901961,2.92,3
51,1.20910586798675,2030.0,24.3137254901961,0.268,3
50,2.60906918267799,1951.0,15.2941176470588,0.137,1
23,4.27327555863181,1016.0,14.9019607843137,0.679,1
28,1.43997812483385,2117.0,22.3529411764706,0.516,3
36,2.51796207278823,1815.0,17.6470588235294,1.334,3
25,3.10890607770643,1280.0,14.1176470588235,0.326,1
28,1.07200186567002,1507.0,21.9607843137255,0.482,3
34,0.933737115038275,1795.0,21.1764705882353,0.174,3
26,2.0397043903468,1023.0,16.078431372549,0.281,1
20,0.0192353840616713,1464.0,23.5294117647059,0.102,3
17,0.78601017805115,1272.0,19.2156862745098,0.309,3
14,0.595658459186135,1089.0,20.7843137254902,0.334,3
4,1.39854567319055,1292.0,18.8235294117647,0.261,1
2,1.51366905233608,996.0,14.1176470588235,0.278,1
0,0.970794519968052,763.0,14.1176470588235,0.014,1
0,0.965839013500697,752.0,14.1176470588235,0.015,1
0,0.975168703353425,750.0,14.1176470588235,0.0089999999999999,1
0,0.968052168015753,755.0,14.1176470588235,0.002,1
0,0.980836887560822,750.0,14.1176470588235,0.003,1
0,0.971525089742926,753.0,14.1176470588235,0.01,1
0,1.07215857036168,829.0,16.078431372549,0.002,1
0,0.926289911420825,1385.0,17.6470588235294,0.01,1
0,0.833317466515613,1609.0,15.6862745098039,0.055,1
0,0.948812415601735,1174.0,16.8627450980392,0.096,1
5,1.03983171715427,3075.0,27.4509803921569,0.192,3
21,2.09569463424422,788.0,13.7254901960784,0.137,1
23,2.16762035421335,769.0,14.1176470588235,0.969,1
16,3.92315612740559,769.0,14.1176470588235,0.336,1
3,1.98117944669331,739.0,20.0,0.127,1
25,1.4589270029717,2027.0,15.2941176470588,0.054,1
30,2.80919383453688,781.0,14.1176470588235,0.591,1
15,2.28085619888672,774.0,14.1176470588235,0.059,1
17,2.23028249331783,766.0,13.7254901960784,0.16,1
10,1.38702307118519,907.0,17.2549019607843,0.26,1
24,3.70720002157963,845.0,14.1176470588235,0.606,1
24,4.03238998610005,777.0,14.1176470588235,0.209,1
3,5.33028423257147,761.0,14.1176470588235,0.522,1
10,2.98361609460735,1437.0,19.2156862745098,1.961,3
12,1.96622608059195,1330.0,14.1176470588235,2.755,1
4,2.05252844072865,1080.0,16.078431372549,0.0159999999999999,1
0,1.37110904015691,808.0,14.1176470588235,0.157,1
0,3.69247139460822,756.0,13.7254901960784,0.923,1
0,4.31621802044336,752.0,13.7254901960784,0.438,1
0,3.96153821135175,750.0,13.7254901960784,0.524,1
0,3.98478669441665,751.0,13.7254901960784,0.0209999999999999,1
0,3.86000829014654,741.0,13.7254901960784,0.0980000000000001,1
0,3.85018155416079,750.0,13.7254901960784,0.0149999999999999,1
0,3.97875571001789,742.0,13.7254901960784,0.044,1
0,3.93291876346308,753.0,13.7254901960784,0.012,1
0,3.7601960055295,1688.5,14.5098039215686,1.408,1
0,3.77703600724166,1279.0,14.5098039215686,0.031,1
0,3.7890211136915,1186.0,14.1176470588235,0.071,1
0,3.83207202437533,1197.0,14.1176470588235,0.069,1
0,3.74504325742708,1183.0,14.1176470588235,0.108,1
0,3.7461298696121,1193.0,14.1176470588235,0.074,1
0,3.73939139433144,1197.5,14.1176470588235,0.01,1
0,3.70982748925068,1181.5,13.7254901960784,0.194,1
0,3.87000322997281,1204.0,13.7254901960784,0.291,1
0,3.82035194713786,1199.5,14.1176470588235,0.155,1
0,3.74417307292278,1215.0,16.4705882352941,0.124,1
0,3.89496700884616,3049.5,18.4313725490196,0.188,3
0,3.79237194905774,1269.5,13.7254901960784,0.254,1
0,3.8348185093952,1188.5,14.1176470588235,0.045,1
0,3.73369428314639,1191.0,13.7254901960784,0.075,1
0,3.69195788166658,1197.0,13.7254901960784,0.26,1
0,3.82890023374859,1193.0,13.7254901960784,0.183,1
0,3.81830027630096,1194.5,13.7254901960784,0.087,1
0,3.30461389575242,902.25,16.8627450980392,1.167,1
0,3.42017090216264,890.5,16.8627450980392,0.0840000000000001,1
0,3.29856771948068,903.0,16.8627450980392,0.0940000000000001,1
0,3.29900106092738,881.25,16.8627450980392,0.0389999999999999,1
0,3.41076193833577,889.75,16.8627450980392,0.052,1
0,3.34544735424128,895.25,16.8627450980392,0.0509999999999999,1
0,3.28620054165901,889.0,16.8627450980392,0.016,1
0,3.33912338795679,1578.0,18.0392156862745,0.016,1
0,3.34511972879896,1627.25,18.0392156862745,0.016,1
0,3.35704289516831,1590.5,18.0392156862745,0.0149999999999999,1
0,3.35049265034263,1574.0,18.0392156862745,0.0129999999999999,1
0,3.34959131835512,835.0,16.4705882352941,0.0,1
0,3.34548725898037,850.0,16.4705882352941,0.0029999999999998,1
0,3.35431736721497,851.5,16.4705882352941,0.012,1
0,3.35399612402877,841.25,16.4705882352941,0.0089999999999999,1
0,3.35742788455687,829.5,16.4705882352941,0.012,1
0,3.33347281374845,827.25,16.4705882352941,0.024,1
0,2.77564208787805,813.25,16.4705882352941,1.072,1
0,7.38880538382221,831.25,16.4705882352941,5.944,2
0,9.6829827016266,821.0,16.4705882352941,7.832,2
0,9.26185910063417,815.5,16.4705882352941,4.0,2
0,1.6863653222241,820.25,16.4705882352941,1.883,1
0,6.26143090674967,815.5,16.4705882352941,2.951,2
0,7.94557247780171,825.0,16.4705882352941,3.948,2
0,3.9884362850621,825.0,16.4705882352941,2.299,1
0,3.19129393820124,817.0,16.4705882352941,2.219,1
0,5.95871101833274,821.75,16.4705882352941,5.53,2
0,6.28536530362397,806.25,16.4705882352941,0.353,2
0,7.24330235458938,781.0,14.1176470588235,11.586,2
0,7.63227882090271,1759.0,15.2941176470588,0.454000000000001,2
0,7.62754639448362,1077.0,14.9019607843137,0.0539999999999994,2
0,8.21980011922431,935.0,14.5098039215686,0.765000000000001,2
0,8.27226383766862,1970.0,16.078431372549,0.0949999999999998,2
0,8.31531027683273,1218.0,14.9019607843137,0.0979999999999999,2
0,8.31972890183328,1015.0,14.9019607843137,0.0009999999999994,2
0,8.29683168444437,827.0,14.1176470588235,0.0209999999999999,2
0,8.28522311105742,757.0,13.7254901960784,0.0150000000000006,2
0,8.27102472490562,743.0,13.7254901960784,0.0060000000000002,2
0,7.76631456998749,743.0,13.7254901960784,10.364,2
0,4.94250270611964,762.0,13.7254901960784,2.837,1
0,0.446346278129436,750.0,13.7254901960784,1.006,1
0,0.418861552305771,742.0,13.7254901960784,0.53,1
0,0.241174210893288,744.0,13.7254901960784,0.287,1
0,1.74129061330956,747.0,14.5098039215686,0.146,1
2,0.504358007768292,1196.0,16.078431372549,0.088,1
0,0.528932887992418,961.0,14.9019607843137,0.424,1
0,0.659969696274003,802.0,14.1176470588235,0.119,1
0,0.701076315389416,786.0,14.1176470588235,0.0499999999999999,1
0,0.733090035398109,746.0,13.7254901960784,0.038,1
0,0.74670810896896,738.0,13.7254901960784,0.008,1
0,0.763625562694178,732.0,14.5098039215686,0.01,1
5,0.141056726177804,1321.0,16.4705882352941,0.527,1
5,1.04652806937989,1254.0,14.9019607843137,0.809,1
0,1.41148326238748,1883.0,18.8235294117647,0.319,3
0,1.50150224775057,940.0,14.9019607843137,0.216,1
5,1.72939584826609,1322.0,17.6470588235294,0.0579999999999998,1
15,0.873325254415559,1277.0,20.7843137254902,1.202,3
22,0.771663786891675,1572.0,19.2156862745098,0.307,3
12,1.09019814712739,732.0,14.5098039215686,0.396,1
5,0.850938305636783,1510.0,16.8627450980392,0.908,1
18,2.1830006871277,2506.0,21.9607843137255,1.15,3
22,2.44507014214317,3081.0,22.7450980392157,0.054,3
14,1.81847656020087,1943.0,18.4313725490196,0.252,3
0,1.95198488723658,1635.0,16.8627450980392,0.114,1
0,1.97778916975496,1034.0,15.2941176470588,0.0449999999999999,1
0,2.01934568610726,1608.0,20.0,0.182,3
9,1.49557380292649,1610.0,19.6078431372549,0.0289999999999999,3
12,1.5221149759463,859.0,14.1176470588235,0.0349999999999999,1
14,2.19447875359959,1051.0,20.3921568627451,0.341,3
23,0.6435852701857,1695.0,17.2549019607843,1.217,3
23,2.81669345154917,1679.0,14.9019607843137,1.23,1
27,1.92155457898026,2009.0,17.2549019607843,0.097,3
18,1.45320198183184,1453.0,20.7843137254902,0.742,3
29,1.50275813090464,2184.0,20.3921568627451,0.0250000000000001,3
26,1.25767603141668,1916.0,17.2549019607843,0.0209999999999999,3
20,1.48706590304532,1419.0,17.2549019607843,0.0640000000000001,1
0,1.39172015865259,853.0,14.1176470588235,0.004,1
0,1.84152572613037,763.0,13.7254901960784,0.077,1
0,1.83659249699001,753.0,13.7254901960784,0.0170000000000001,1
0,1.8290746294233,739.0,13.7254901960784,0.0009999999999998,1
0,1.82980873317404,755.0,13.7254901960784,0.0069999999999999,1
0,1.82227467742928,748.0,13.7254901960784,0.0070000000000001,1
0,3.12198046118165,2289.0,22.7450980392157,0.178,3
19,2.2509697910012,1621.0,24.7058823529412,0.67,3
25,1.45621770350453,1901.0,20.3921568627451,0.622,3
19,3.32101219509956,1378.0,16.8627450980392,2.254,1
26,1.74650536787037,788.0,14.1176470588235,1.862,1
8,2.11517493366388,786.0,14.1176470588235,0.0579999999999998,1
0,1.58431373155698,777.0,13.7254901960784,0.012,1
0,1.56700382896788,751.0,13.7254901960784,0.004,1
0,1.59779003626885,752.0,13.7254901960784,0.0370000000000001,1
0,1.58879356745928,748.0,13.7254901960784,0.006,1
0,1.47921127632262,777.0,16.4705882352941,0.0529999999999999,1
19,1.52378804300336,1757.0,18.8235294117647,0.0920000000000001,3
27,0.884335909030047,1439.0,16.078431372549,0.508,1
37,1.76394586084721,1937.0,15.2941176470588,0.449,1
36,1.53585220643133,1881.0,14.9019607843137,0.247,1
35,1.42619633991958,1808.0,14.9019607843137,0.113,1
31,1.59137204952205,1633.0,14.5098039215686,0.093,1
24,1.38797010054252,1220.0,13.7254901960784,0.0919999999999999,1
31,0.800236215126509,1656.0,22.3529411764706,0.908,3
48,1.74381879792598,2507.0,33.3333333333333,1.143,3
64,1.66023642894619,2554.0,38.0392156862745,0.034,3
76,1.0707105117631,2547.0,22.7450980392157,0.394,3
50,2.38543664766013,1659.0,14.9019607843137,0.202,1
17,1.71503848353324,801.0,13.7254901960784,0.117,1
4,1.52370764912433,763.0,13.7254901960784,0.0030000000000001,1
0,1.33225372958757,756.0,13.7254901960784,0.0539999999999998,1
0,1.33384931682705,751.0,13.7254901960784,0.0050000000000001,1
0,1.26535568122169,741.0,13.7254901960784,0.0620000000000001,1
0,1.25457562546066,745.0,13.7254901960784,0.0109999999999999,1
0,1.25491832403547,744.0,13.7254901960784,0.0,1
0,1.24117524951153,1208.0,17.6470588235294,0.014,1
20,0.971525089742926,2456.0,26.6666666666667,0.31,3
39,0.946146394592296,2011.0,21.9607843137255,0.002,3
51,1.20048157003762,2377.0,15.6862745098039,0.268,3
52,1.19349947633001,2027.0,15.2941176470588,0.02,1
21,1.23868963021412,821.0,13.7254901960784,0.944,1
4,1.36209874825579,767.0,13.7254901960784,1.011,1
0,1.23478621631439,770.0,13.7254901960784,0.026,1
0,0.417001199039044,744.0,13.7254901960784,0.97,1
0,1.11232414340425,746.0,13.7254901960784,0.846,1
0,1.19699039260973,750.0,13.7254901960784,0.0840000000000001,1
0,0.353464283909987,753.0,13.7254901960784,1.305,1
0,1.10715355755198,756.0,13.7254901960784,1.207,1
5,1.37835046341633,1470.0,19.6078431372549,0.018,3
29,1.50677536481056,2230.0,25.0980392156863,0.0309999999999999,3
44,1.20944615423755,2304.0,20.3921568627451,0.144,3
43,1.47237800852906,2220.0,15.6862745098039,0.201,1
49,1.36992007066106,2582.0,20.7843137254902,0.038,3
52,1.29952683696798,2086.0,18.8235294117647,0.042,3
53,1.073420700378,2136.0,17.6470588235294,0.233,3
51,1.33089819295091,2055.0,17.6470588235294,0.221,3
54,1.21308078873585,2143.0,18.4313725490196,0.0739999999999998,3
55,1.46382410145482,2144.0,15.2941176470588,0.0779999999999998,1
20,2.20617542366875,775.0,13.7254901960784,0.188,1
3,1.45131250942035,773.0,13.7254901960784,0.121,1
0,1.35399446084539,769.0,13.7254901960784,0.0070000000000001,1
0,1.43470136265357,750.0,13.7254901960784,0.081,1
0,1.38300578451429,754.0,13.7254901960784,0.0489999999999999,1
0,1.36245733878166,753.0,13.7254901960784,0.022,1
0,1.37179881906933,754.0,13.7254901960784,0.0050000000000001,1
0,1.39153763872919,743.0,13.7254901960784,0.0229999999999999,1
0,1.19327155333562,738.0,13.7254901960784,0.21,1
0,1.28934130469787,743.0,13.7254901960784,0.097,1
0,1.24770589483259,784.0,14.1176470588235,0.115,1
0,1.51557678789298,1700.0,19.2156862745098,0.0009999999999998,3
25,1.9886060444442,1892.0,24.3137254901961,0.087,3
39,1.62319992607195,2055.0,18.4313725490196,0.182,3
47,1.96824795185972,2435.0,21.1764705882353,0.523,3
46,1.30548879734757,813.0,13.7254901960784,0.506,1
44,1.25551782145854,776.0,13.7254901960784,0.036,1
36,1.47106933895041,780.0,13.7254901960784,0.205,1
21,1.43136438407556,766.0,13.7254901960784,0.091,1
7,1.41747522024196,753.0,13.7254901960784,0.0539999999999998,1
1,1.35504870761165,755.0,14.1176470588235,0.0919999999999999,1
3,1.85162226169378,1076.0,17.6470588235294,0.093,1
24,1.99933638990541,1840.0,22.7450980392157,0.0760000000000001,3
38,1.53239975202295,1990.0,20.7843137254902,0.162,3
40,1.0882026465691,2053.0,15.2941176470588,0.219,1
42,1.21679332674041,2157.0,15.2941176470588,0.117,1
41,1.46112593570849,2130.0,15.2941176470588,0.095,3
36,1.29566971099891,1845.0,18.0392156862745,0.014,3
33,1.4353678970912,1722.0,14.9019607843137,0.13,1
21,1.25195726764135,1114.0,13.7254901960784,0.167,1
26,1.72182955021686,1367.0,18.8235294117647,0.038,3
37,1.50564438032359,1937.0,20.0,0.197,3
39,0.912537122532557,1989.0,18.0392156862745,0.164,3
40,1.22525629971855,2085.0,17.2549019607843,0.157,3
38,1.2146213401715,2015.0,18.8235294117647,0.0309999999999999,3
40,1.46642013079472,2096.0,19.2156862745098,0.122,3
43,1.66739347485829,2234.0,19.6078431372549,0.251,3
48,1.65097365212168,1900.0,18.0392156862745,0.056,3
46,1.31801138083099,1834.0,16.8627450980392,0.22,3
44,1.03183428902126,1759.0,18.8235294117647,0.486,3
43,1.04149171864206,1728.0,16.078431372549,0.153,3
42,1.46332805617879,1684.0,14.9019607843137,0.388,3
37,1.39637602385604,1480.0,14.5098039215686,0.131,1
39,1.618168100044,1568.0,17.2549019607843,0.0309999999999999,3
42,1.62464580755314,1700.0,19.6078431372549,0.095,3
36,1.64093418515186,1418.0,14.1176470588235,0.304,1
37,1.85974460612203,1488.0,17.6470588235294,0.02,3
33,1.74237194651429,1316.0,14.1176470588235,0.125,1
38,1.97795551011644,1537.0,18.0392156862745,0.0939999999999999,3
34,2.12214537673553,1340.0,14.1176470588235,0.493,1
36,1.38411849203744,1909.0,23.5294117647059,3.185,3
54,2.80580558841841,2811.0,17.2549019607843,3.318,3
59,3.67495537387871,2367.0,22.7450980392157,1.231,3
58,1.90226496577107,2318.0,23.5294117647059,2.033,3
61,2.82588357863519,1835.0,18.4313725490196,1.351,3
60,1.11060343957688,2035.0,15.2941176470588,1.689,1
57,1.38522525244092,1923.0,15.2941176470588,0.267,1
53,1.54995387028131,1818.0,14.9019607843137,0.154,1
55,0.604080292676396,1882.0,14.9019607843137,1.057,3
53,0.351455544841734,1791.0,14.9019607843137,0.672,1
48,1.19765813152168,1636.0,14.9019607843137,1.353,1
43,1.38157772130271,1449.0,14.5098039215686,0.216,1
41,1.23770957821292,1407.0,14.1176470588235,0.171,1
36,1.6279634516782,1229.0,14.1176470588235,0.213,1
25,1.37089897512545,767.0,13.7254901960784,0.069,1
28,1.67139971281558,1485.0,19.6078431372549,0.0289999999999999,3
32,1.14810191185278,1691.0,17.6470588235294,0.394,3
24,1.48433992063813,1218.0,14.1176470588235,0.495,1
14,1.3799050691986,1026.0,17.2549019607843,0.129,1
22,1.94425332711558,1694.0,19.6078431372549,0.221,3
19,1.25691129360826,1410.0,14.1176470588235,0.413,1
9,1.31084400292331,1358.0,15.6862745098039,0.135,1
15,1.69069837641136,2200.0,21.5686274509804,1.016,3
20,1.74957137608044,1500.0,17.6470588235294,1.052,3
16,1.58959114240109,1196.0,16.4705882352941,0.03,1
2,1.26005714156145,768.0,13.7254901960784,0.0920000000000001,1
0,1.67551812881866,756.0,13.7254901960784,0.0209999999999999,1
0,1.67702713156347,748.0,13.7254901960784,0.0070000000000001,1
11,2.66308092254066,1685.0,21.5686274509804,0.0680000000000001,3
22,2.15919336790386,1674.0,20.3921568627451,0.236,3
26,1.40004857058604,1873.0,14.9019607843137,0.274,1
6,1.46241580954255,754.0,13.7254901960784,0.0899999999999999,1
10,2.28440845734733,1621.0,19.2156862745098,0.175,3
22,2.02542464683335,1657.0,19.6078431372549,0.0920000000000001,3
25,1.6300012269934,1835.0,14.9019607843137,0.243,1
22,0.766227772923952,1664.0,18.8235294117647,1.478,3
33,2.13883543078938,2492.0,21.1764705882353,1.652,3
36,2.16041153487015,1909.0,22.7450980392157,0.107,3
40,1.92395270212134,2079.0,20.3921568627451,0.01,3
41,1.73805091985246,1539.0,14.1176470588235,0.0229999999999999,1
35,1.56972131284505,782.0,13.7254901960784,0.166,1
27,1.64275926416502,769.0,13.7254901960784,0.083,1
7,1.70863132360378,761.0,13.7254901960784,0.022,1
0,1.58152616165525,783.0,13.7254901960784,0.032,1
0,1.63476053292218,750.0,13.7254901960784,0.004,1
0,1.67483879821313,744.0,13.7254901960784,0.042,1
0,1.70114549642292,752.0,13.7254901960784,0.0389999999999999,1
0,1.70163333300685,746.0,13.7254901960784,0.0,1
0,2.06882092023452,1391.0,18.0392156862745,0.0619999999999998,1
17,2.05001560969667,1619.0,21.5686274509804,0.18,3
27,1.80945295600632,2011.0,15.2941176470588,0.374,1
22,1.31746612859686,1678.0,17.6470588235294,0.583,3
21,2.24635616054089,1534.0,14.5098039215686,1.047,1
17,1.89987183778275,1306.0,19.2156862745098,0.854,3
11,1.65753582163403,946.0,13.7254901960784,0.257,1
9,1.91462502856303,1485.0,14.5098039215686,0.261,1
3,2.81156540027082,810.0,14.1176470588235,0.69,1
2,2.94996898288779,765.0,13.7254901960784,0.234,1
0,2.78874039666657,1033.0,14.1176470588235,0.222,1
0,2.7601748133044,743.0,13.3333333333333,0.0190000000000001,1
0,2.59888168257041,0.0,14.1176470588235,0.148,1
0,2.54472493601961,693.0,13.3333333333333,0.16,1
0,1.99667323315559,701.0,13.3333333333333,0.333,1
0,2.55742389916103,703.0,13.3333333333333,0.319,1
0,2.52009920439653,704.0,13.3333333333333,0.0289999999999999,1
0,2.54236504066588,708.0,13.3333333333333,0.0340000000000003,1
0,3.34131665664899,692.0,13.7254901960784,2.38,1
0,3.58803079696928,694.0,13.7254901960784,0.271,1
0,3.98046894222276,697.0,13.7254901960784,0.7,1
0,3.9267077813354,695.0,13.7254901960784,0.08,1
0,3.70836904851715,703.0,13.7254901960784,0.054,1
0,4.00713813088593,703.0,13.7254901960784,0.181,1
0,3.59338781653191,707.0,13.7254901960784,0.274,1
0,3.61320079707729,701.0,13.7254901960784,0.072,1
0,2.64411818949154,707.0,13.7254901960784,0.328,1
0,1.86318141897132,708.0,13.7254901960784,1.277,1
0,2.56771824778343,707.0,13.7254901960784,0.812,1
0,2.52149737259431,700.0,13.7254901960784,0.514,1
0,2.52461680260589,700.0,13.7254901960784,0.02,1
0,2.54014901137709,699.0,13.7254901960784,0.027,1
0,4.33647379791461,697.0,13.7254901960784,0.208,1
0,2.80687228067114,703.0,13.7254901960784,0.424,1
0,1.1584990289163,696.0,13.7254901960784,0.0719999999999998,1
0,2.29410766966156,700.0,13.7254901960784,1.175,1
0,0.797423977567768,703.0,13.7254901960784,1.598,1
0,1.12171698747946,692.0,13.7254901960784,0.152,1
0,1.19001386546544,2004.0,17.6470588235294,0.054,1
7,1.08181560351106,1474.0,17.6470588235294,0.975,1
15,0.990244414273567,749.0,13.7254901960784,0.056,1
17,0.16907394831848,751.0,13.7254901960784,0.147,1
15,0.085375640553966,768.0,13.7254901960784,0.084,1
11,1.11156691206603,1368.0,18.4313725490196,1.025,1
23,1.21504979321837,1703.0,19.6078431372549,1.121,3
27,0.528509224138993,1969.0,18.0392156862745,0.208,3
22,0.321211768153036,951.0,14.1176470588235,0.072,1
16,0.35721282171837,869.0,14.1176470588235,0.044,1
19,1.23472183102106,1440.0,18.4313725490196,0.132,3
18,1.48483871177984,1451.0,18.8235294117647,1.928,3
29,1.13522244516218,2169.0,20.3921568627451,1.532,3
16,0.461269986016866,1112.0,13.7254901960784,0.362,1
11,2.23049142567283,1587.0,19.6078431372549,0.761,3
18,0.727863998285394,861.0,14.1176470588235,0.489,1
18,0.945084652293116,810.0,14.1176470588235,0.917,1
6,0.704995035443513,816.0,14.1176470588235,0.159,1
2,0.36156603822815,814.0,14.1176470588235,0.36,1
0,0.574223823957174,794.0,14.1176470588235,0.049,1
3,1.78084530490439,1055.0,18.4313725490196,0.071,1
20,1.44280594675791,1561.0,21.5686274509804,0.128,3
32,0.445360528111776,2424.0,15.6862745098039,0.24,3
39,0.669645428566491,2021.0,18.4313725490196,0.105,3
38,0.812108367153054,1966.0,14.9019607843137,0.492,3
35,0.876196325032238,1847.0,19.2156862745098,0.206,3
40,1.4179904795167,2115.0,27.0588235294118,0.0979999999999999,3
45,1.09496757942872,2319.0,21.1764705882353,0.237,3
36,1.0862103847782,1871.0,18.4313725490196,0.411,3
28,0.495972781511244,1452.0,14.5098039215686,0.296,1
16,1.95675777754938,1134.0,15.6862745098039,1.509,1
19,1.53266075828932,1419.0,17.2549019607843,3.466,1
21,1.64237998039431,1563.0,24.3137254901961,1.211,3
23,1.11276457528086,1668.0,20.0,0.606,3
20,1.58633571478423,1484.0,20.3921568627451,0.721,3
29,2.20753912762605,2145.0,20.3921568627451,0.179,3
29,3.21603249361694,2134.0,17.2549019607843,0.0499999999999999,3
26,2.81688143165452,1920.0,15.2941176470588,0.238,1
7,4.09080945535233,811.0,13.7254901960784,0.137,1
0,2.24159519092989,1422.0,14.1176470588235,0.039,1
12,2.66100883125179,1891.0,20.0,1.348,3
21,3.50921900143038,773.0,13.7254901960784,1.621,1
9,4.16463551826567,772.0,13.7254901960784,0.102,1
5,2.8347151532385,769.0,13.7254901960784,0.026,1
9,2.6010123029313,797.0,16.4705882352941,0.019,1
18,3.28526604706529,1339.0,14.1176470588235,0.106,1
26,1.97892117073925,2023.0,21.5686274509804,0.655,3
35,2.53737915968426,1847.0,18.8235294117647,0.464,3
39,3.14548470032839,2039.0,15.2941176470588,0.188,1
35,3.24503620935114,1800.0,14.9019607843137,0.437,1
35,3.79457402088825,1822.0,14.9019607843137,0.496,1
19,4.86989168257365,1389.0,14.5098039215686,1.885,1
25,1.51400132100339,1893.0,25.4901960784314,1.041,3
31,1.48061136021577,2272.0,24.7058823529412,0.501,3
30,2.21601308660396,2190.0,20.3921568627451,0.246,3
25,2.57821120158919,1804.0,18.0392156862745,0.013,3
16,2.66994232147438,1447.0,14.5098039215686,0.018,1
0,2.74982344887813,810.0,14.1176470588235,0.128,1
0,2.24730816756403,760.0,13.7254901960784,0.035,1
0,2.24007365950319,748.0,13.7254901960784,0.01,1
0,2.1620550409275,744.0,13.7254901960784,0.022,1
6,1.14280794536965,1073.0,22.7450980392157,0.102,3
22,1.79384308120861,1701.0,20.0,0.453,3
19,3.40195429128611,1387.0,14.1176470588235,0.851,1
12,3.45129555384641,665.0,14.1176470588235,0.682,1
0,2.74406741899684,1616.0,16.078431372549,0.466,1
5,2.39908836852668,925.0,13.7254901960784,0.58,1
8,2.27331146128286,1230.0,16.4705882352941,0.677,1
7,3.16123599245612,1051.0,13.7254901960784,0.505,1
4,2.22928890007554,798.0,13.7254901960784,0.337,1
3,3.07694653837209,759.0,13.7254901960784,0.044,1
0,2.54437772353084,782.0,13.7254901960784,0.067,1
0,2.54236425399666,749.0,13.7254901960784,0.017,1
0,2.49284275476814,747.0,13.7254901960784,0.013,1
0,2.54068986694559,750.0,13.7254901960784,0.009,1
0,2.59247777232516,748.0,13.7254901960784,0.009,1
0,2.83884377872401,752.0,13.7254901960784,0.052,1
0,2.81291094775501,751.0,13.7254901960784,0.019,1
0,2.46928532170748,748.0,13.7254901960784,0.147,1
0,1.38863530129404,1043.0,15.2941176470588,0.289,1
6,2.48672495463411,758.0,13.7254901960784,0.378,1
0,1.90688227219197,784.0,13.7254901960784,0.478,1
0,2.0129406349915,750.0,13.7254901960784,0.457,1
0,2.1511671250742,760.0,17.6470588235294,0.049,1
3,3.19170080051373,1013.0,14.1176470588235,0.103,1
0,1.09526663420374,1374.0,15.6862745098039,0.673,1
0,2.36943579782192,807.0,14.1176470588235,0.033,1
0,2.29568508293276,759.0,13.7254901960784,0.184,1
0,1.78529353328801,1191.0,15.2941176470588,0.252,1
2,2.81310948951512,806.0,14.1176470588235,0.515,1
0,2.35268782459552,765.0,13.7254901960784,0.072,1
0,2.10010475929178,744.0,13.7254901960784,0.13,1
0,2.14047961915081,752.0,13.7254901960784,0.0089999999999999,1
0,2.14501142188101,745.0,13.7254901960784,0.104,1
0,2.07219545410176,750.0,13.7254901960784,0.012,1
0,2.26968566105529,747.0,13.7254901960784,0.118,1
0,2.23168322124803,747.0,13.7254901960784,0.018,1
0,2.38032035659068,757.0,13.7254901960784,0.022,1
0,2.19857590271521,752.0,13.7254901960784,0.159,1
0,2.3611929188442,752.0,13.7254901960784,0.15,1
0,2.35493099686594,749.0,14.1176470588235,0.024,1
0,2.41352957305271,747.0,14.1176470588235,0.002,1
0,2.47315062218216,749.0,14.1176470588235,0.015,1
0,2.60060012304852,743.0,14.1176470588235,0.021,1
0,2.58856292177725,1097.0,17.6470588235294,0.039,1
3,2.70349570001507,753.0,14.1176470588235,0.08,1
0,2.65857574652294,771.0,13.7254901960784,0.0720000000000001,1
0,2.46830002228254,737.0,13.7254901960784,0.0089999999999999,1
0,2.36438237178338,746.0,13.7254901960784,0.0159999999999999,1
0,2.39472524520038,752.0,13.7254901960784,0.005,1
0,2.39941659575823,747.0,13.7254901960784,0.005,1
0,2.41172842583903,752.0,13.7254901960784,0.007,1
0,2.41167929045302,744.0,13.7254901960784,0.004,1
0,2.4398297071722,752.0,13.7254901960784,0.022,1
0,2.40959955179279,761.0,13.7254901960784,0.0,1
0,2.39090317662594,749.0,13.7254901960784,0.014,1
0,2.38838292574704,748.0,13.7254901960784,0.015,1
0,2.35155119017214,747.0,13.7254901960784,0.005,1
0,2.40292530054515,744.0,13.7254901960784,0.016,1
0,2.43818149447493,739.0,13.7254901960784,0.001,1
0,2.45124070625469,743.0,13.7254901960784,0.0059999999999998,1
0,2.4323979937502,760.0,13.7254901960784,0.0099999999999999,1
0,2.53770073097676,762.0,13.7254901960784,0.0219999999999999,1
0,2.48931898317592,738.0,13.7254901960784,0.003,1
0,2.50016339466044,745.0,13.7254901960784,0.009,1
0,2.25855019868942,888.0,15.6862745098039,0.0519999999999999,1
2,2.36359429682846,1019.0,15.6862745098039,0.065,1
4,2.96825639054311,768.0,13.7254901960784,0.328,1
0,2.95222712540888,813.0,14.1176470588235,0.001,1
0,2.52010198206342,753.0,13.7254901960784,0.013,1
0,2.46772790234256,745.0,13.7254901960784,0.0089999999999999,1
0,2.45074682494949,754.0,13.7254901960784,0.0,1
0,2.43662163661082,752.0,13.7254901960784,0.003,1
0,2.43058182335012,742.0,13.7254901960784,0.001,1
0,2.42517215883739,750.0,13.7254901960784,0.012,1
0,2.43044543242592,747.0,13.7254901960784,0.015,1
0,2.46473122266912,755.0,13.7254901960784,0.007,1
0,2.63099220827429,743.0,13.7254901960784,0.046,1
0,2.86897960954762,744.0,13.7254901960784,0.038,1
0,2.85615213180251,761.0,13.7254901960784,0.002,1
0,2.93076389359498,747.0,13.7254901960784,0.003,1
0,2.94047292114721,758.0,13.7254901960784,0.004,1
0,2.9142657737413,759.0,13.7254901960784,0.004,1
0,2.96259497738047,735.0,13.7254901960784,0.021,1
0,3.02024386432619,748.0,13.7254901960784,0.011,1
0,3.04193655423646,747.0,13.7254901960784,0.01,1
0,2.99439008814817,749.0,13.7254901960784,0.009,1
0,3.0303547647099,747.0,13.7254901960784,0.013,1
0,3.11746772236699,742.0,13.7254901960784,0.064,1
0,3.09061045749865,754.0,13.7254901960784,0.02,1
0,3.16014714847268,768.0,13.7254901960784,0.014,1
0,3.04940190857158,747.0,13.7254901960784,0.285,1
0,2.39381223156705,1065.0,14.1176470588235,0.26,1
0,2.90004413759515,787.0,13.7254901960784,0.1,1
0,2.78229868993248,697.0,14.1176470588235,0.069,1
0,2.79990035536981,735.0,13.7254901960784,0.014,1
0,2.90602081892061,750.0,13.7254901960784,0.06,1
0,2.89902483604401,750.0,13.7254901960784,0.001,1
0,2.86500855147066,751.0,13.7254901960784,0.005,1
0,2.86905036553909,740.0,13.7254901960784,0.01,1
0,2.79301217326384,758.0,13.7254901960784,0.123,1
0,2.82200283486746,748.0,13.7254901960784,0.11,1
0,2.82100159517856,745.0,13.7254901960784,0.001,1
0,2.81500444049383,745.0,13.7254901960784,0.008,1
0,2.79800285918367,748.0,13.7254901960784,0.009,1
0,2.78700287046856,746.0,13.7254901960784,0.0,1
0,2.814,742.0,13.7254901960784,0.004,1
0,2.80500160427762,744.0,13.7254901960784,0.003,1
0,2.80201445392418,753.0,13.7254901960784,0.006,1
0,2.79505169898519,748.0,13.7254901960784,0.008,1
0,2.78300287459427,752.0,13.7254901960784,0.013,1
0,2.79200644698396,742.0,13.7254901960784,0.002,1
0,2.79800071479619,750.0,13.7254901960784,0.004,1
0,2.80100071403061,764.0,13.7254901960784,0.0,1
2,2.16544706700487,1207.0,16.4705882352941,0.042,1
2,3.14392254993662,879.0,14.1176470588235,0.113,1
0,2.76064050539001,746.0,13.7254901960784,0.003,1
0,2.74604533830015,752.0,13.7254901960784,0.011,1
0,2.78970769078052,752.0,13.7254901960784,0.013,1
0,2.75728072564257,748.0,13.7254901960784,0.024,1
0,2.74189368867577,753.0,13.7254901960784,0.116,1
0,2.73149501189367,753.0,13.7254901960784,0.018,1
0,2.72389959433163,750.0,13.7254901960784,0.018,1
0,2.68654890147192,747.0,13.7254901960784,0.047,1
0,2.68315113253056,779.0,14.1176470588235,0.013,1
0,2.64317157975036,746.0,13.7254901960784,0.09,1
0,2.64553227158544,752.0,13.7254901960784,0.049,1
2,2.39130529209468,921.0,13.7254901960784,0.092,1
3,3.12815360876029,715.0,13.7254901960784,0.11,1
5,3.58050080296039,1035.0,14.1176470588235,0.538,1
3,2.5581823625379,1945.0,14.9019607843137,0.273,1
6,2.89648683753267,779.0,13.7254901960784,0.176,1
7,1.75985368710015,1486.0,17.6470588235294,0.266,1
7,2.8586559779029,850.0,13.7254901960784,0.753,1
4,2.18524369350423,714.0,15.6862745098039,0.136,1
9,2.6596633245582,1272.0,14.1176470588235,0.659,1
0,3.24924314264107,659.0,14.9019607843137,0.262,1
0,2.4581141145195,1165.0,14.5098039215686,0.115,1
0,1.85387432152236,1331.0,20.0,0.356,3
0,2.77057196260989,953.0,14.1176470588235,0.3,1
0,3.25428118023013,813.0,14.1176470588235,0.022,1
0,3.1944733525262,758.0,13.7254901960784,0.009,1
0,3.18473562482037,748.0,13.7254901960784,0.03,1
0,3.15658169544208,743.0,13.7254901960784,0.012,1
0,3.17138487099879,745.0,13.7254901960784,0.017,1
0,3.13692492737713,743.0,13.7254901960784,0.006,1
0,3.17111604959516,756.0,13.3333333333333,0.083,1
0,3.18806163679437,749.0,13.3333333333333,0.015,1
0,3.18488932303777,753.0,13.3333333333333,0.023,1
0,3.2065272492215,754.0,13.3333333333333,0.048,1
0,3.19654829464534,750.0,13.3333333333333,0.021,1
0,3.17281657206968,742.0,13.3333333333333,0.007,1
0,3.14733617524407,697.0,13.3333333333333,0.012,1
0,3.16212412786089,694.0,13.3333333333333,0.02,1
0,3.14281863937453,701.0,13.3333333333333,0.017,1
0,3.14962489830138,693.0,13.3333333333333,0.006,1
0,3.15594312369536,701.0,13.3333333333333,0.063,1
0,3.13240690204833,690.0,13.3333333333333,0.067,1
0,3.149718241367,704.0,13.3333333333333,0.0099999999999999,1
0,3.15085718495777,709.0,13.3333333333333,0.001,1
0,3.16014635737018,715.0,13.3333333333333,0.004,1
0,3.16111768208651,693.0,13.3333333333333,0.013,1
0,3.15100777529983,700.0,13.3333333333333,0.008,1
0,3.10586541884867,692.0,13.3333333333333,0.075,1
0,3.13616326105641,710.0,13.3333333333333,0.048,1
0,3.11328058484936,695.0,13.3333333333333,0.006,1
0,3.14373806160755,699.0,13.3333333333333,0.038,1
0,3.11698091107405,709.0,13.3333333333333,0.033,1
0,3.11197847036254,705.0,13.3333333333333,0.032,1
0,3.10516601810596,702.0,13.3333333333333,0.025,1
0,3.12122283728669,706.0,13.3333333333333,0.07,1
0,3.1457914743352,702.0,13.3333333333333,0.006,1
0,3.1193661215061,702.0,13.3333333333333,0.005,1
0,3.10362497734504,702.0,13.3333333333333,0.001,1
0,3.10657576762583,711.0,13.3333333333333,0.016,1
0,3.10932018293388,739.0,13.7254901960784,0.014,1
0,3.09811587904649,752.0,13.7254901960784,0.013,1
0,3.10409342642904,753.0,13.7254901960784,0.023,1
0,3.12740051800213,748.0,13.7254901960784,0.049,1
0,3.08265615987252,754.0,13.7254901960784,0.023,1
0,3.07990941425231,750.0,13.3333333333333,0.009,1
0,3.06927043448439,697.0,13.3333333333333,0.009,1
0,3.10333643036007,712.0,13.3333333333333,0.019,1
0,3.07288040769569,705.0,13.3333333333333,0.002,1
0,3.1072027613273,702.0,13.3333333333333,0.012,1
0,3.10301160165411,689.0,13.3333333333333,0.009,1
0,3.08981585211805,701.0,13.3333333333333,0.005,1
0,3.09551045871275,698.0,13.3333333333333,0.072,1
0,3.12315385467959,710.0,13.3333333333333,0.046,1
0,3.10897105165037,705.0,13.3333333333333,0.018,1
0,3.09873538721847,688.0,13.3333333333333,0.009,1
0,3.08625031389225,695.0,13.3333333333333,0.011,1
0,3.11834892210606,689.0,13.3333333333333,0.003,1
0,3.03742407312512,692.0,13.3333333333333,0.008,1
0,3.02615862109044,691.0,13.3333333333333,0.016,1
0,3.05728245342167,692.0,13.3333333333333,0.036,1
0,3.04226511007834,707.0,13.3333333333333,0.005,1
0,3.04274086967655,702.0,13.3333333333333,0.003,1
0,3.03472206305619,703.0,13.3333333333333,0.007,1
0,3.05293170575432,699.0,13.3333333333333,0.009,1
0,3.04225705685762,710.0,13.3333333333333,0.058,1
0,2.47621020917046,706.0,13.3333333333333,0.216,1
0,2.92147651025984,690.0,13.3333333333333,0.203,1
0,2.90148324137845,689.0,13.3333333333333,0.005,1
0,2.91220002747064,698.0,13.3333333333333,0.001,1
0,2.87008309984223,693.0,13.3333333333333,0.004,1
0,2.83691751730642,696.0,13.3333333333333,0.009,1
0,2.56281798027094,704.0,13.3333333333333,0.14,1
0,2.74244507693408,703.0,13.3333333333333,0.016,1
0,2.74671913380309,704.0,13.3333333333333,0.049,1
0,2.82049020562029,708.0,13.3333333333333,0.107,1
0,2.72244963222463,689.0,13.3333333333333,0.038,1
0,2.70925543277115,698.0,13.3333333333333,0.027,1
0,2.6499473579677,697.0,13.3333333333333,0.015,1
0,2.7085202602159,694.0,13.3333333333333,0.025,1
0,2.79093622284709,695.0,13.3333333333333,0.021,1
0,2.80709743329297,696.0,13.3333333333333,0.008,1
0,2.8265394035817,688.0,13.3333333333333,0.013,1
0,2.84231120745073,689.0,13.3333333333333,0.0,1
0,2.8293280120905,702.0,13.3333333333333,0.001,1
0,2.31314699057366,695.0,13.3333333333333,0.017,1
0,2.64090306524113,707.0,13.3333333333333,0.03,1
0,1.26209746057902,705.0,13.3333333333333,0.63,1
0,1.53120410135292,710.0,13.3333333333333,0.192,1
0,1.57328605154943,691.0,13.3333333333333,0.005,1
0,1.81681176790553,694.0,13.3333333333333,0.257,1
0,1.6223994575936,694.0,13.3333333333333,0.251,1
0,1.62751651297306,695.0,13.3333333333333,0.005,1
0,1.63667498300671,694.0,13.3333333333333,0.006,1
0,1.64869888093612,695.0,13.3333333333333,0.001,1
0,1.66787439575047,708.0,13.3333333333333,0.006,1
0,1.67130368275786,694.0,13.3333333333333,0.012,1
0,1.64514589018725,693.0,13.3333333333333,0.018,1
0,1.6543421653334,694.0,13.3333333333333,0.0039999999999999,1
0,1.61451819438494,699.0,13.3333333333333,0.018,1
0,1.29533702178236,700.0,13.3333333333333,0.467,1
0,1.31363998112116,714.0,13.3333333333333,0.438,1
0,0.987078517646899,701.0,13.3333333333333,0.059,1
0,1.2808973417101,713.0,13.3333333333333,0.447,1
0,1.27318890978519,696.0,13.3333333333333,0.504,1
0,1.37550645218407,699.0,13.3333333333333,0.0860000000000001,1
0,1.49486755266144,710.0,13.3333333333333,0.0859999999999999,1
0,1.54301685019963,709.0,13.3333333333333,0.032,1
0,1.56861786296089,700.0,13.3333333333333,0.034,1
0,1.64059288063797,715.0,13.3333333333333,0.034,1
0,1.66373074744683,765.0,13.3333333333333,0.0209999999999999,1
0,1.69788721651351,762.0,13.3333333333333,0.042,1
0,1.71759512109228,759.0,13.3333333333333,0.0210000000000001,1
0,1.71531250797049,751.0,13.3333333333333,0.026,1
0,1.50760372777464,760.0,13.3333333333333,0.191,1
0,1.53707319279207,755.0,13.3333333333333,0.0149999999999999,1
0,1.53261378044177,757.0,13.3333333333333,0.0079999999999999,1
0,1.5343558909197,759.0,13.3333333333333,0.005,1
0,1.55043768014068,744.0,13.3333333333333,0.0010000000000001,1
0,1.56385197509227,766.0,13.7254901960784,0.016,1
0,1.54313512046094,743.0,13.7254901960784,0.012,1
0,1.54747342465065,744.0,13.7254901960784,0.002,1
0,1.55344810019518,742.0,13.7254901960784,0.008,1
0,1.54327346896135,745.0,13.7254901960784,0.0179999999999999,1
0,1.54541127212144,752.0,13.7254901960784,0.011,1
0,1.54390705678807,747.0,13.7254901960784,0.006,1
0,1.60639347608237,746.0,13.7254901960784,0.0720000000000001,1
0,1.55062439036667,755.0,13.3333333333333,0.046,1
0,1.78755839065469,751.0,13.7254901960784,0.147,1
0,1.72277973055176,755.0,13.3333333333333,0.01,1
0,1.73864458702749,752.0,13.3333333333333,0.0010000000000001,1
0,1.78153753819559,696.0,13.3333333333333,0.032,1
0,1.80309178912223,699.0,13.3333333333333,0.028,1
0,1.85246754357533,704.0,13.3333333333333,0.018,1
0,1.90098001041568,695.0,13.3333333333333,0.0549999999999999,1
0,1.92484077263549,698.0,13.3333333333333,0.0090000000000001,1
0,1.90417252369632,704.0,13.3333333333333,0.012,1
0,1.87238484292092,695.0,13.3333333333333,0.012,1
0,1.89385585512731,700.0,13.3333333333333,0.0009999999999998,1
0,1.89688718694602,698.0,13.3333333333333,0.0090000000000001,1
0,1.89809167323394,697.0,13.3333333333333,0.006,1
0,1.88906590673804,699.0,13.3333333333333,0.0169999999999999,1
0,1.86545222399288,693.0,13.3333333333333,0.0210000000000001,1
0,1.9235989706797,706.0,13.3333333333333,0.046,1
0,1.94693194539511,688.0,13.3333333333333,0.016,1
0,1.94316134173156,701.0,13.3333333333333,0.032,1
0,1.96610299831926,705.0,13.3333333333333,0.024,1
0,1.94954045867225,701.0,13.3333333333333,0.032,1
0,1.94604239419392,695.0,13.3333333333333,0.0030000000000001,1
0,1.9457186333075,704.0,13.3333333333333,0.0050000000000001,1
0,1.94865543388255,705.0,13.3333333333333,0.0129999999999999,1
0,1.95655948031232,700.0,13.3333333333333,0.0030000000000001,1
0,1.96710065832941,701.0,13.3333333333333,0.004,1
0,1.96108745342986,693.0,13.3333333333333,0.016,1
0,1.97368209192869,704.0,13.3333333333333,0.0030000000000001,1
0,1.96259267297114,686.0,13.3333333333333,0.002,1
0,1.96688027088585,703.0,13.3333333333333,0.002,1
0,1.97854491988431,697.0,13.3333333333333,0.0010000000000001,1
0,1.96629626455425,699.0,13.3333333333333,0.004,1
0,1.97631576424417,701.0,13.3333333333333,0.008,1
0,2.02035071212896,749.0,14.5098039215686,0.0169999999999999,1
0,1.9834638892604,755.0,13.7254901960784,0.0009999999999998,1
0,1.96394730071863,760.0,13.7254901960784,0.04,1
0,1.96464144311373,753.0,13.7254901960784,0.022,1
0,1.95331129111568,750.0,13.7254901960784,0.0190000000000001,1
0,1.96556073424354,748.0,13.7254901960784,0.016,1
0,2.0385102403471,707.0,13.3333333333333,0.087,1
0,1.99000552763051,699.0,13.3333333333333,0.069,1
0,2.03026623869876,695.0,13.3333333333333,0.034,1
0,2.03176893371269,699.0,13.3333333333333,0.0070000000000001,1
0,2.03802968575043,697.0,13.3333333333333,0.016,1
0,2.04900097608566,704.0,13.3333333333333,0.0170000000000001,1
0,2.03580475488196,697.0,13.3333333333333,0.006,1
0,2.03181347569111,701.0,13.3333333333333,0.0,1
0,2.04210797951528,699.0,13.3333333333333,0.0169999999999999,1
0,2.02121077574804,701.0,13.3333333333333,0.024,1
0,2.03543656250938,705.0,13.3333333333333,0.0130000000000001,1
0,2.03964016434272,702.0,13.3333333333333,0.0029999999999998,1
0,2.02558263223202,690.0,13.3333333333333,0.0030000000000001,1
0,2.0405207668632,708.0,13.3333333333333,0.0049999999999998,1
0,2.04442901564226,700.0,13.3333333333333,0.0089999999999999,1
0,2.06106113446448,700.0,13.3333333333333,0.0270000000000001,1
0,2.02903548515052,695.0,13.3333333333333,0.0509999999999999,1
0,2.02328569411243,703.0,13.3333333333333,0.014,1
0,2.03543656250938,694.0,13.3333333333333,0.01,1
0,2.04480047926442,705.0,13.3333333333333,0.0030000000000001,1
0,2.02426184077061,699.0,13.3333333333333,0.0840000000000001,1
0,2.01605803487896,700.0,13.3333333333333,0.0249999999999999,1
0,2.01938728331145,701.0,13.3333333333333,0.0030000000000001,1
0,2.01411643158979,704.0,13.3333333333333,0.0050000000000001,1
0,2.05399732229621,701.0,13.3333333333333,0.166,1
0,1.98238366619582,700.0,13.3333333333333,0.125,1
0,1.99133774131863,700.0,13.3333333333333,0.0069999999999999,1
0,1.97563281001303,701.0,13.3333333333333,0.006,1
0,1.98074354725694,705.0,13.3333333333333,0.006,1
0,1.97263529320551,695.0,13.3333333333333,0.024,1
0,1.97914552269407,706.0,13.3333333333333,0.0029999999999998,1
0,1.97981640562957,694.0,13.3333333333333,0.0239999999999998,1
0,1.9451182483335,705.0,13.3333333333333,0.0389999999999999,1
0,1.44773271013678,743.0,14.1176470588235,0.298,1
0,1.46670378740903,694.0,13.3333333333333,0.0269999999999999,1
0,1.48382108085847,695.0,13.3333333333333,0.016,1
0,1.51114261405071,699.0,13.3333333333333,0.026,1
0,2.19734498884449,708.0,13.3333333333333,0.014,1
0,1.48390195093881,703.0,13.3333333333333,0.0469999999999999,1
0,1.38143005613748,708.0,13.3333333333333,0.093,1
0,1.36744798804196,702.0,13.3333333333333,0.0170000000000001,1
0,1.46665674239067,1008.0,14.1176470588235,0.038,1
6,2.07123755276888,948.0,14.9019607843137,0.562,1
10,1.71625231245292,1380.0,15.6862745098039,0.384,1
7,1.28704700768853,998.0,15.2941176470588,0.526,1
2,1.04992809277588,1163.0,14.5098039215686,0.133,1
0,1.00208632362686,805.0,14.1176470588235,0.034,1
0,0.768234990090923,780.0,13.7254901960784,0.088,1
2,1.1112052015717,1013.0,14.1176470588235,0.104,1
13,2.07929916077509,1961.0,20.7843137254902,0.013,3
24,2.09541523331296,1790.0,20.0,0.641,3
27,1.93780752398168,2028.0,19.2156862745098,0.229,3
23,1.60948004026145,831.0,13.7254901960784,0.054,1
16,1.70191480397815,768.0,13.7254901960784,0.118,1
19,1.7917058910435,767.0,13.7254901960784,0.0979999999999999,1
21,1.72415834539638,778.0,13.7254901960784,0.0600000000000001,1
16,2.03779611345198,759.0,13.7254901960784,0.166,1
17,1.9095742981094,754.0,13.7254901960784,0.264,1
24,1.7185648082048,738.0,13.7254901960784,0.154,1
13,1.40940448417053,779.0,13.7254901960784,0.1,1
21,1.48666405081982,757.0,13.7254901960784,0.216,1
13,1.34616789443219,763.0,13.7254901960784,0.229,1
18,1.63209374730743,764.0,13.7254901960784,0.0450000000000002,1
23,1.60061519423002,1034.0,13.7254901960784,0.0800000000000001,1
24,1.84829245521373,1244.0,14.1176470588235,0.255,1
21,2.18681434968769,756.0,13.7254901960784,0.514,1
8,1.86420438793604,763.0,13.7254901960784,0.243,1
0,1.94143065804576,790.0,13.7254901960784,0.0509999999999999,1
0,1.97091298641011,749.0,13.7254901960784,0.0009999999999998,1
0,1.99912230741393,755.0,13.7254901960784,0.016,1
0,2.011499192145,751.0,13.7254901960784,0.0230000000000001,1
0,2.12271995326751,747.0,13.7254901960784,0.0319999999999998,1
16,3.05000590163363,2475.0,18.0392156862745,0.126,3
36,1.9244357614636,2386.0,15.6862745098039,0.367,3
45,1.29591704981453,1430.0,14.5098039215686,0.519,1
44,1.21315827491717,1748.0,14.9019607843137,0.176,1
45,1.09318250992229,1793.0,14.9019607843137,0.11,1
45,1.47016495673105,1781.0,16.078431372549,0.213,3
45,1.80038718058089,1790.0,14.9019607843137,0.436,1
27,1.30473177320091,1075.0,13.7254901960784,0.214,1
3,1.48110769358612,752.0,13.7254901960784,0.0030000000000001,1
0,1.41584886199057,754.0,13.7254901960784,0.032,1
0,1.33232503541741,741.0,13.7254901960784,0.0190000000000001,1
0,1.31137332594498,749.0,13.7254901960784,0.0069999999999999,1
0,1.32960896507206,739.0,13.7254901960784,0.01,1
0,1.29732532542921,743.0,13.7254901960784,0.034,1
0,1.30659748966543,746.0,13.7254901960784,0.036,1
0,1.34263174400131,741.0,13.7254901960784,0.024,1
0,1.31809900993818,746.0,13.7254901960784,0.0250000000000001,1
9,3.07927475227528,1987.0,22.3529411764706,0.016,3
34,2.01949746224154,2431.0,15.2941176470588,0.114,1
28,1.83461658119619,2164.0,20.7843137254902,0.3,3
44,1.30817277146408,2287.0,15.6862745098039,0.163,1
45,1.59415181209319,2359.0,15.6862745098039,0.294,1
46,1.36050946339965,2348.0,20.7843137254902,2.749,3
48,1.40436177675128,1012.0,15.6862745098039,2.521,1
41,1.47969490098466,772.0,13.7254901960784,0.0629999999999999,1
33,0.914140033036515,773.0,13.7254901960784,0.515,1
14,1.54995806394883,762.0,13.7254901960784,0.487,1
2,1.3405028907093,762.0,13.7254901960784,0.139,1
0,1.33145409233665,755.0,13.7254901960784,0.095,1
0,1.32930809069982,750.0,13.7254901960784,0.0030000000000001,1
0,1.35535456615603,746.0,13.7254901960784,0.0170000000000001,1
0,1.44876947786734,960.0,16.078431372549,0.012,1
15,2.0350552818044,2172.0,15.6862745098039,0.016,1
16,3.42557440438826,1261.0,17.2549019607843,2.115,1
27,1.82865004853307,838.0,13.7254901960784,1.544,1
23,2.34742433317881,778.0,13.7254901960784,0.085,1
9,2.47855159316888,776.0,13.7254901960784,0.192,1
4,2.66480186880751,757.0,13.7254901960784,0.225,1
7,1.79760396083231,781.0,13.7254901960784,0.35,1
28,1.63817978256356,2150.0,20.3921568627451,0.315,3
35,2.26333227785935,2600.0,23.1372549019608,0.285,3
34,2.11709636058447,2515.0,21.9607843137255,0.0760000000000001,3
24,1.99419582789655,1749.0,17.6470588235294,0.04,3
4,1.94264072849305,1070.0,14.9019607843137,0.101,1
0,2.3247614931429,809.0,14.1176470588235,0.101,1
0,2.32511182526777,758.0,13.7254901960784,0.008,1
0,2.3072082697494,750.0,13.7254901960784,0.0189999999999999,1
0,2.30359393123007,751.0,13.7254901960784,0.0050000000000001,1
0,2.31396305069895,751.0,13.7254901960784,0.02,1
0,2.26914895941188,599.0,24.3137254901961,0.0229999999999999,3
21,2.51289494408342,2876.0,16.4705882352941,0.26,3
36,2.33683546703657,2714.0,24.7058823529412,0.305,3
46,1.92224296071022,2388.0,21.9607843137255,0.133,3
52,1.94458530283451,2368.0,19.2156862745098,0.381,3
53,2.13845037351817,2093.0,16.8627450980392,0.233,3
52,1.70842763967339,2075.0,16.4705882352941,0.45,3
51,1.92712869315985,2035.0,16.078431372549,0.232,3
50,1.53311773846629,1997.0,15.2941176470588,0.402,3
43,1.77466532056047,1702.0,14.9019607843137,0.294,1
33,1.80922082676494,1173.0,14.1176470588235,0.0429999999999999,1
16,0.885935663578344,1153.0,16.078431372549,2.519,1
30,2.76780508706809,2245.0,20.3921568627451,3.267,3
31,1.99629882532651,2286.0,15.6862745098039,0.481,1
14,2.12062750147215,1010.0,13.7254901960784,0.305,1
27,2.24973887373624,2058.0,20.3921568627451,0.036,3
34,2.52697942215603,1758.0,16.4705882352941,0.726,3
33,2.02573097917764,1689.0,14.5098039215686,0.433,1
18,0.482995859195501,965.0,16.8627450980392,2.365,1
26,2.0695547830391,1398.0,18.8235294117647,2.13,3
27,2.08144276885049,1357.0,14.1176470588235,0.0680000000000001,1
24,2.14576443255079,1293.0,22.3529411764706,0.189,3
22,4.39768711938446,1185.0,21.5686274509804,2.673,3
36,2.37744926339133,1954.0,30.1960784313725,2.485,3
47,2.40523283696194,2427.0,26.6666666666667,0.026,3
54,1.9816563778819,2173.0,21.1764705882353,0.0780000000000001,3
58,1.77820499380696,2322.0,15.6862745098039,0.0209999999999999,3
50,2.0697874286989,1939.0,14.9019607843137,0.0720000000000001,1
19,1.64897695556973,921.0,13.7254901960784,0.0649999999999999,1
22,3.13063396135671,1713.0,39.2156862745098,0.472,3
31,2.92182768143503,2302.0,27.0588235294118,0.152,3
34,2.22662435089532,2472.0,22.7450980392157,0.301,3
37,2.2784259917759,2758.0,22.7450980392157,0.0550000000000002,3
35,2.08064845661154,2565.0,21.1764705882353,0.042,3
31,2.0399649506793,2280.0,20.0,0.016,3
26,1.80943223139194,1832.0,18.8235294117647,0.235,3
18,1.63066182882902,1355.0,14.1176470588235,0.141,1
3,1.52378377731225,1301.0,17.6470588235294,0.0410000000000001,1
0,1.46749923338992,1155.0,13.7254901960784,0.0310000000000001,1
0,1.9205103488396,780.0,13.7254901960784,0.0310000000000001,1
0,1.92421542453022,741.0,13.7254901960784,0.0249999999999999,1
0,1.94033399186841,705.0,13.7254901960784,0.0009999999999998,1
10,2.55730815507244,1390.0,18.8235294117647,0.824,1
22,2.46461538581581,2232.0,24.7058823529412,0.0709999999999997,3
38,2.19143628700448,2815.0,20.3921568627451,0.567,3
37,1.37414555269811,1915.0,16.8627450980392,0.432,3
22,0.440985260524657,1138.0,16.078431372549,1.668,1
24,2.66542698268026,1268.0,17.6470588235294,2.882,3
30,2.21020587276389,1556.0,14.5098039215686,0.281,1
30,1.87698161951576,1587.0,14.5098039215686,0.491,1
29,1.89181923026488,1527.0,14.5098039215686,0.176,1
28,1.53438228613341,1480.0,14.1176470588235,0.515,1
28,1.80513295909193,1444.0,14.5098039215686,0.297,1
19,4.25728951329364,1007.0,20.0,2.851,3
32,2.14580987042189,1699.0,22.7450980392157,2.627,3
43,2.17090418950261,2239.0,23.1372549019608,0.28,3
50,2.0027700816619,2011.0,21.1764705882353,0.02,3
52,1.72783592971092,2093.0,18.4313725490196,0.219,3
52,1.89250997355364,2050.0,17.6470588235294,0.208,3
49,1.57242138118254,1943.0,16.4705882352941,0.315,3
46,1.48206376381045,1841.0,16.4705882352941,0.0700000000000001,3
44,0.627041465933474,1752.0,14.9019607843137,0.961,1
37,1.58902297025562,1467.0,14.1176470588235,1.094,1
34,1.86987192074751,1375.0,21.9607843137255,0.099,3
43,1.83683042222193,1732.0,20.0,0.109,3
47,1.70760211993309,1896.0,19.2156862745098,0.0580000000000001,3
51,1.76288541885172,2011.0,19.6078431372549,0.0690000000000002,3
53,2.1470281786693,2119.0,26.6666666666667,0.105,3
52,1.84369330421304,2083.0,23.5294117647059,0.19,3
58,1.85103889748433,2322.0,20.0,0.183,3
61,1.8335561076771,2409.0,20.3921568627451,0.002,3
58,1.7159128765762,2292.0,15.6862745098039,0.012,3
50,1.45748070313126,1981.0,14.9019607843137,0.259,1
33,0.506672478036848,1112.0,13.7254901960784,1.789,1
35,1.83248165065847,1835.0,22.3529411764706,1.704,3
39,1.69905973997385,1984.0,19.2156862745098,0.0999999999999999,3
37,2.25887494120414,1907.0,31.7647058823529,0.0999999999999999,3
35,1.6337992532744,1799.0,14.5098039215686,0.19,1
30,2.13520795240183,1580.0,28.6274509803922,0.153,3
33,1.79694184658269,1742.0,21.5686274509804,0.103,3
37,1.91033321700692,1925.0,20.7843137254902,0.212,3
37,1.47861184899892,1930.0,14.9019607843137,0.0,1
30,1.59375186274401,1582.0,18.4313725490196,0.144,3
26,2.55811258548173,1394.0,20.3921568627451,0.63,3
37,2.34847290808304,1953.0,20.3921568627451,0.189,3
34,1.67186721960806,1762.0,14.9019607843137,0.363,1
7,1.72469968400299,813.0,13.7254901960784,0.006,1
0,2.03536041034506,771.0,13.7254901960784,0.194,1
0,2.67447564954329,1140.0,18.8235294117647,0.012,1
11,2.67229040338059,1763.0,20.3921568627451,0.508,3
20,1.95620883343267,1509.0,18.0392156862745,0.484,3
22,1.67553812251467,1663.0,15.6862745098039,0.0840000000000001,1
15,1.85697092061238,1123.0,16.078431372549,0.159,1
8,1.47905814625389,769.0,14.1176470588235,0.194,1
0,1.53836081593364,788.0,13.7254901960784,0.154,1
0,2.20892394617832,748.0,13.3333333333333,0.43,1
0,4.15499410348559,745.0,13.7254901960784,2.243,1
0,2.60903526231441,748.0,13.3333333333333,1.103,1
0,1.84837036332008,750.0,13.3333333333333,0.16,1
0,0.575124334383444,0.0,18.0392156862745,0.225,1
0,0.0,0.0,18.0392156862745,0.228,1
0,0.600800299600458,0.0,18.0392156862745,0.255,1
0,0.5963908114651,0.0,18.0392156862745,0.004,1
0,0.593068292863478,0.0,18.0392156862745,0.008,1
0,0.60519170516457,1253.75,17.6470588235294,0.004,1
0,0.58717288765746,1030.25,17.2549019607843,0.023,1
0,0.61235447250755,972.5,17.2549019607843,0.047,1
0,0.596793096474817,1031.25,17.2549019607843,0.054,1
0,0.634250739061454,1021.0,17.2549019607843,0.016,1
0,0.651248800382772,989.75,17.2549019607843,0.021,1
0,0.634038642355496,766.25,16.4705882352941,0.047,1
0,0.664463693515304,846.75,16.4705882352941,0.055,1
3,0.942911448652523,710.0,20.0,0.043,1
4,0.456245547923484,907.0,17.2549019607843,0.001,1
3,1.0143372220322,682.75,16.4705882352941,0.404,1
0,0.784401045384311,851.5,18.4313725490196,0.006,1
19,0.266007518690732,1115.5,16.078431372549,0.196,1
11,1.84009809521123,903.75,16.8627450980392,0.017,1
14,1.36739204327069,1373.25,22.3529411764706,1.299,3
38,1.17422357326022,1053.0,15.6862745098039,0.856,1
47,1.86038974411278,1044.5,16.078431372549,0.221,3
37,2.59672813363278,1810.0,17.2549019607843,0.764,3
25,0.693496214841869,1846.75,31.7647058823529,0.335,3
40,2.11921329742902,2025.75,30.1960784313725,1.883,3
44,0.776257689172867,1417.75,23.921568627451,1.375,3
38,0.486963037611686,1548.25,25.8823529411765,1.121,3
39,1.11646809179663,1038.25,16.4705882352941,0.702,3
28,2.72007077113813,1056.25,16.078431372549,1.776,1
3,1.10807987076745,1457.0,21.9607843137255,1.566,3
26,1.35024812534586,2781.25,45.0980392156863,0.418,3
51,0.499289495182905,2062.5,28.6274509803922,0.02,3
64,0.803002490656162,1209.25,19.2156862745098,0.096,3
77,1.3102339485756,1379.5,18.0392156862745,0.486,3
83,1.27212106342125,1492.0,17.6470588235294,0.159,3
86,1.16758639937265,1510.75,17.2549019607843,0.761,3
81,1.19471921387412,1451.5,17.2549019607843,0.242,3
81,1.39502903195597,1444.5,17.2549019607843,0.11,3
81,1.19707978013163,1439.0,19.2156862745098,0.773,3
81,0.778973683766018,1467.0,16.8627450980392,0.562,3
86,0.927407138208457,1873.25,20.7843137254902,0.0039999999999999,3
87,2.20390675846325,1492.0,17.2549019607843,0.307,3
72,1.18174658874058,1303.0,16.8627450980392,0.9,3
69,1.00428681162305,1295.25,16.8627450980392,0.469,3
72,0.96242402297532,1264.75,16.4705882352941,0.19,3
69,0.619367419227069,1407.0,23.921568627451,0.526,3
66,0.96587059174612,1167.75,15.6862745098039,0.835,3
47,1.46765186607724,1353.0,16.8627450980392,0.484,3
39,0.748644107704055,2029.5,25.8823529411765,0.291,3
40,0.645447131839626,1574.0,16.8627450980392,0.029,3
34,0.430464865000618,1446.0,24.3137254901961,0.283,3
43,1.22957756973686,1068.75,16.078431372549,0.314,3
55,1.01660070824292,1288.25,21.9607843137255,0.131,3
69,1.13723568357663,1210.75,16.078431372549,0.0770000000000001,3
67,1.353013303704,1183.5,16.4705882352941,0.0830000000000001,3
65,1.82780578837031,1148.25,16.4705882352941,0.608,3
50,1.90126379021955,1296.75,16.8627450980392,0.985,3
41,1.08327512664143,1289.0,16.8627450980392,0.068,3
36,1.29857306301956,1281.25,16.8627450980392,0.168,3
31,0.604517162700944,1701.5,27.0588235294118,0.41,3
43,1.24345486448041,1000.75,15.6862745098039,0.028,1
32,2.69308187770071,1612.5,30.1960784313725,3.215,3
38,0.899962777008027,2013.25,30.5882352941176,3.436,3
36,1.71535768864689,1588.25,20.3921568627451,2.273,3
27,2.49679494552516,1071.75,16.078431372549,1.413,1
24,1.51777633398337,1067.75,28.2352941176471,0.044,3
47,0.358711583308931,2325.75,38.0392156862745,0.45,3
50,1.23993709517862,2098.25,27.843137254902,0.817,3
58,0.852493401733996,2470.25,40.3921568627451,0.308,3
61,1.65273863632457,1055.25,20.7843137254902,0.297,3
54,1.21613321638709,1214.0,22.3529411764706,0.221,3
51,1.25709585951112,1460.0,24.7058823529412,0.165,3
50,1.50524316972375,1298.25,21.9607843137255,0.118,3
52,1.27613870719448,2069.5,31.7647058823529,0.208,3
62,1.38045934384175,1189.75,14.5098039215686,0.109,3
67,1.55258655153264,1221.0,16.4705882352941,0.557,3
73,1.50823903940987,1302.25,16.8627450980392,0.0580000000000001,3
75,2.98450615680384,1343.75,17.2549019607843,0.604,3
62,2.86424038795629,2272.5,18.8235294117647,0.386,3
52,2.13920382385597,2232.0,18.8235294117647,0.0750000000000002,3
53,1.35396085615501,2265.5,23.1372549019608,0.299,3
61,1.64168267335682,1246.0,16.4705882352941,0.192,3
56,2.08596548389469,1091.25,16.078431372549,0.555,3
54,1.72431609631181,1004.5,19.2156862745098,0.0469999999999999,3
50,1.53086282860353,981.25,15.2941176470588,0.414,1
38,2.17051560694688,1280.25,23.1372549019608,3.058,3
43,3.00994684338445,1070.25,16.078431372549,3.017,3
10,1.64647411154868,557.75,15.6862745098039,0.252,1
23,1.26714955707683,1721.0,27.843137254902,0.032,3
44,2.89394626764216,929.5,16.4705882352941,1.336,3
49,1.75932771250839,1342.0,22.7450980392157,0.991,3
50,2.09611688605383,1091.25,16.078431372549,0.0980000000000001,3
46,2.8173111294282,1341.25,24.3137254901961,1.084,3
45,1.29608988885802,1408.5,23.5294117647059,1.424,3
41,3.07709619609137,1254.5,18.8235294117647,1.624,3
26,1.97890929554641,1126.5,16.4705882352941,1.698,1
25,1.65309316131911,1510.0,25.4901960784314,0.528,3
35,1.4589270029717,952.25,17.6470588235294,0.357,3
28,1.05389230948897,1122.5,18.0392156862745,1.642,3
25,1.34987147536349,1420.25,23.1372549019608,1.703,3
27,2.61162210130026,1489.75,25.4901960784314,1.266,3
26,1.48376076238725,1432.75,23.921568627451,1.114,3
27,2.94638626116808,1740.5,26.2745098039216,1.451,3
28,0.760059208219991,1456.25,23.1372549019608,3.043,3
29,2.81698864037468,1042.0,16.4705882352941,2.812,1
29,2.64040072716245,1091.25,16.078431372549,0.815,1
23,1.82692665424751,982.0,17.6470588235294,0.874,1
31,1.86435243449301,1009.25,17.2549019607843,0.563,3
40,1.39607019880807,1002.25,15.6862745098039,2.093,1
44,1.86257670982969,1098.25,16.078431372549,1.698,3
31,2.6105955259289,1324.0,16.8627450980392,0.0230000000000001,3
33,1.61388289537996,1361.5,22.7450980392157,0.3,3
40,1.39657187426928,1121.0,16.078431372549,1.27,1
38,2.72136179145662,1080.25,15.6862745098039,1.226,1
30,2.32864531434051,1096.75,15.6862745098039,2.328,1
27,3.22952628105114,1060.0,15.6862745098039,1.931,1
25,2.29200894413613,1192.75,17.6470588235294,0.736,1
33,2.60160815650628,682.75,14.9019607843137,1.19,1
33,2.90157060917014,714.75,15.2941176470588,0.392,1
32,2.43673490556523,714.75,15.2941176470588,1.188,1
7,3.8243726282882,1307.75,18.4313725490196,2.629,1
8,2.15119548158692,892.0,18.0392156862745,1.964,1
3,1.49336465740957,828.0,16.8627450980392,0.018,1
0,1.46618757326612,749.0,16.4705882352941,0.922,1
7,1.61422179393044,801.5,14.9019607843137,0.371,1
4,1.44757348690835,714.0,16.078431372549,0.0329999999999999,1
3,1.41500883389469,599.0,15.2941176470588,0.192,1
0,1.48586708692265,621.0,15.2941176470588,0.155,1
0,1.40802876391074,621.0,15.2941176470588,0.148,1
0,1.46818595552471,603.75,15.2941176470588,0.117,1
0,1.63950053369921,649.0,15.2941176470588,0.098,1
0,1.45245309734945,601.5,15.2941176470588,0.0610000000000001,1
3,1.21962494234908,796.0,16.4705882352941,0.11,1
5,1.74288783345343,718.75,15.6862745098039,0.485,1
11,0.726297459722943,1043.75,18.4313725490196,0.599,1
16,3.31120174559026,985.75,15.6862745098039,1.943,1
13,1.69357521238355,698.25,15.2941176470588,2.265,1
4,2.18594533325973,1054.5,17.2549019607843,1.463,1
10,0.890310619952385,754.5,15.2941176470588,1.212,1
7,1.58902265559683,621.75,17.2549019607843,0.295,1
0,1.28508521118251,618.75,15.6862745098039,0.256,1
0,1.92760628760128,628.0,15.2941176470588,0.297,1
0,1.14237822108092,853.0,15.2941176470588,0.613,1
0,1.26837888661078,744.5,15.2941176470588,0.161,1
0,1.2514203929935,736.5,15.2941176470588,0.0559999999999999,1
